origen,destino,modo_transporte,hora_salida,fecha_consulta,distancia_km,duracion_sin_trafico_min,duracion_con_trafico_min,diferencia_trafico_min,min_por_km
"Estación de Atocha, Madrid","Alcobendas, Madrid",TRANSIT,09:00,2026-02-27,24.9,51.0,,,2.0481927710843375
"Estación de Atocha, Madrid","Sevilla, España",TRANSIT,13:00,2026-02-27,470.82,168.8,,,0.35852342721209807
"Estación de Atocha, Madrid",Córdoba,TRANSIT,16:00,2026-02-27,344.21,107.1,,,0.31114726475116933
"Puerta del Sol, Madrid","Coslada, Madrid",TRANSIT,00:00 (+1d),2026-02-27,24.99,74.1,,,2.965186074429772
"Estación de Atocha, Madrid","Fuenlabrada, Madrid",TRANSIT,05:00,2026-02-27,21.62,45.9,,,2.1230342275670675
"Estación de Atocha, Madrid","Parla, Madrid",TRANSIT,00:00 (+1d),2026-02-27,23.1,41.2,,,1.7835497835497836
"Estación de Atocha, Madrid","San Sebastián de los Reyes, Madrid",TRANSIT,07:00,2026-02-27,24.25,60.6,,,2.4989690721649485
"Puerta del Sol, Madrid","Plaza de Castilla, Madrid",TRANSIT,01:00,2026-02-27,6.48,22.4,,,3.4567901234567895
"Aranjuez, Madrid","Valdemoro, Madrid",TRANSIT,09:00,2026-02-27,21.05,26.0,,,1.2351543942992873
"Aranjuez, Madrid","Valdemoro, Madrid",TRANSIT,02:00,2026-02-27,21.81,24.7,,,1.1325080238422742
"Estación de Atocha, Madrid",Ávila,TRANSIT,10:00,2026-02-27,128.23,126.2,,,0.9841690712001873
"Puerta del Sol, Madrid","Aeropuerto Adolfo Suárez Madrid-Barajas, Madrid",TRANSIT,09:00,2026-02-27,15.7,32.6,,,2.0764331210191083
"Moncloa, Madrid","Las Rozas de Madrid, Madrid",TRANSIT,04:00,2026-02-27,17.78,62.3,,,3.5039370078740153
"Moncloa, Madrid","Boadilla del Monte, Madrid",TRANSIT,14:00,2026-02-27,38.31,108.6,,,2.83476898981989
"Moncloa, Madrid","Villanueva de la Cañada, Madrid",TRANSIT,05:00,2026-02-27,43.77,94.3,,,2.1544436828878224
"Las Rozas de Madrid, Madrid","Majadahonda, Madrid",TRANSIT,13:00,2026-02-27,11.4,23.2,,,2.0350877192982453
"Estación de Chamartín, Madrid","San Sebastián, España",TRANSIT,07:00,2026-02-27,511.59,328.5,,,0.6421157567583416
"Nuevos Ministerios, Madrid","Estación de Atocha, Madrid",TRANSIT,04:00,2026-02-27,5.21,15.6,,,2.9942418426103647
"Estación de Atocha, Madrid","Barcelona Sants, Barcelona",TRANSIT,07:00,2026-02-27,621.07,195.1,,,0.31413528265734936
"Estación de Atocha, Madrid","Alcobendas, Madrid",TRANSIT,22:00,2026-02-27,19.15,54.5,,,2.8459530026109663
"Estación de Atocha, Madrid","Alcobendas, Madrid",TRANSIT,17:00,2026-02-27,24.9,50.3,,,2.0200803212851404
"Estación de Atocha, Madrid",Ávila,TRANSIT,07:00,2026-02-27,128.06,113.2,,,0.8839606434483835
"Estación de Chamartín, Madrid",Salamanca,TRANSIT,23:00,2026-02-27,185.37,211.8,,,1.142579705453957
"Tres Cantos, Madrid","Alcobendas, Madrid",TRANSIT,10:00,2026-02-27,14.8,54.9,,,3.709459459459459
"Estación de Atocha, Madrid","Barcelona Sants, Barcelona",TRANSIT,21:00,2026-02-27,531.08,479.8,,,0.9034420426301122
"Estación de Atocha, Madrid",Ávila,TRANSIT,14:00,2026-02-27,128.24,119.2,,,0.9295071740486587
"Estación de Chamartín, Madrid",Burgos,TRANSIT,20:00,2026-02-27,216.14,203.2,,,0.9401313963172018
"Tres Cantos, Madrid","Alcobendas, Madrid",TRANSIT,07:00,2026-02-27,28.81,50.3,,,1.7459215550156195
"Estación de Chamartín, Madrid","Bilbao, España",TRANSIT,09:00,2026-02-27,322.43,333.1,,,1.0330924541761002
"Estación de Atocha, Madrid",Ávila,TRANSIT,00:00 (+1d),2026-02-27,128.24,117.2,,,0.9139114160948222
"Estación de Atocha, Madrid","Aranjuez, Madrid",TRANSIT,01:00,2026-02-27,52.61,76.7,,,1.45789773807261
"Móstoles, Madrid","Leganés, Madrid",TRANSIT,05:00,2026-02-27,15.36,41.4,,,2.6953125
"Estación de Atocha, Madrid","Pinto, Madrid",TRANSIT,11:00,2026-02-27,19.98,27.6,,,1.3813813813813813
"Moncloa, Madrid","Villanueva de la Cañada, Madrid",TRANSIT,14:00,2026-02-27,39.84,87.7,,,2.201305220883534
"Las Rozas de Madrid, Madrid","Majadahonda, Madrid",TRANSIT,05:00,2026-02-27,13.32,46.0,,,3.4534534534534536
"Tres Cantos, Madrid","Alcobendas, Madrid",TRANSIT,06:00,2026-02-27,13.9,41.0,,,2.949640287769784
"Moncloa, Madrid","Boadilla del Monte, Madrid",TRANSIT,20:00,2026-02-27,36.47,94.8,,,2.599396764463943
"Estación de Chamartín, Madrid","Tres Cantos, Madrid",TRANSIT,00:00 (+1d),2026-02-27,15.65,36.9,,,2.3578274760383384
"Retiro, Madrid","Getafe, Madrid",TRANSIT,02:00,2026-02-27,15.87,48.8,,,3.074984247006931
"Retiro, Madrid","Leganés, Madrid",TRANSIT,03:00,2026-02-27,19.96,45.9,,,2.2995991983967934
"Moncloa, Madrid","Boadilla del Monte, Madrid",TRANSIT,04:00,2026-02-27,38.31,106.0,,,2.7669015922735576
"Estación de Chamartín, Madrid",Salamanca,TRANSIT,10:00,2026-02-27,243.1,105.5,,,0.4339777869189634
"Estación de Atocha, Madrid",Ávila,TRANSIT,11:00,2026-02-27,128.24,115.2,,,0.8983156581409856
"Estación de Chamartín, Madrid","Bilbao, España",TRANSIT,14:00,2026-02-27,322.43,323.1,,,1.0020779704121825
"Estación de Atocha, Madrid","San Sebastián de los Reyes, Madrid",TRANSIT,05:00,2026-02-27,28.54,64.2,,,2.2494744218640506
"Moncloa, Madrid","Boadilla del Monte, Madrid",TRANSIT,22:00,2026-02-27,30.3,95.2,,,3.1419141914191417
"Estación de Atocha, Madrid",Ávila,TRANSIT,01:00,2026-02-27,128.24,124.2,,,0.9684965689332501
"Puerta del Sol, Madrid","Aeropuerto Adolfo Suárez Madrid-Barajas, Madrid",TRANSIT,23:00,2026-02-27,15.7,43.1,,,2.745222929936306
"Estación de Atocha, Madrid","Valencia, España",TRANSIT,17:00,2026-02-27,407.01,150.2,,,0.3690327018992162
"Gran Vía, Madrid","Estadio Cívitas Metropolitano, Madrid",TRANSIT,22:00,2026-02-27,11.27,38.5,,,3.4161490683229814
"Estación de Atocha, Madrid",Cuenca,TRANSIT,15:00,2026-02-27,211.96,115.6,,,0.5453859218720513
"Aranjuez, Madrid","Valdemoro, Madrid",TRANSIT,07:00,2026-02-27,18.96,23.5,,,1.239451476793249
"Puerta del Sol, Madrid","Torrejón de Ardoz, Madrid",TRANSIT,17:00,2026-02-27,24.63,42.5,,,1.7255379618351605
"Estación de Atocha, Madrid","Alcobendas, Madrid",TRANSIT,21:00,2026-02-27,19.15,45.0,,,2.349869451697128
"Alcalá de Henares, Madrid","Torrejón de Ardoz, Madrid",TRANSIT,02:00,2026-02-27,11.07,27.4,,,2.4751580849141823
"Estación de Atocha, Madrid",Cuenca,TRANSIT,09:00,2026-02-27,212.02,110.2,,,0.5197622865767381
"Tres Cantos, Madrid","Alcobendas, Madrid",TRANSIT,02:00,2026-02-27,28.61,70.7,,,2.47116392869626
"Estación de Atocha, Madrid","San Sebastián de los Reyes, Madrid",TRANSIT,10:00,2026-02-27,24.25,61.8,,,2.5484536082474225
"Puerta del Sol, Madrid","Alcorcón, Madrid",TRANSIT,23:00,2026-02-27,20.35,54.5,,,2.6781326781326777
"Estación de Chamartín, Madrid","Colmenar Viejo, Madrid",TRANSIT,00:00 (+1d),2026-02-27,26.67,47.4,,,1.777277840269966
"Moncloa, Madrid","Las Rozas de Madrid, Madrid",TRANSIT,21:00,2026-02-27,22.32,55.4,,,2.4820788530465947
"Puerta del Sol, Madrid","Leganés, Madrid",TRANSIT,01:00,2026-02-27,14.64,31.6,,,2.158469945355191
"Retiro, Madrid","Leganés, Madrid",TRANSIT,12:00,2026-02-27,16.03,42.6,,,2.6575171553337493
"Aranjuez, Madrid","Valdemoro, Madrid",TRANSIT,22:00,2026-02-27,62.74,63.3,,,1.0089257252151738
"Moncloa, Madrid","Majadahonda, Madrid",TRANSIT,15:00,2026-02-27,27.35,88.0,,,3.2175502742230346
"Puerta del Sol, Madrid","Estación de Chamartín, Madrid",TRANSIT,23:00,2026-02-27,6.93,21.9,,,3.16017316017316
"Estación de Atocha, Madrid",Segovia,TRANSIT,01:00,2026-02-27,81.26,81.5,,,1.0029534826482893
"Estación de Atocha, Madrid","Barcelona Sants, Barcelona",TRANSIT,09:00,2026-02-27,607.34,193.1,,,0.31794382059472454
"Estación de Atocha, Madrid",Ávila,TRANSIT,09:00,2026-02-27,128.06,114.7,,,0.8956739028580353
"Estación de Atocha, Madrid","Aranjuez, Madrid",TRANSIT,12:00,2026-02-27,48.26,36.6,,,0.7583920430998757
"Aranjuez, Madrid","Valdemoro, Madrid",TRANSIT,21:00,2026-02-27,21.05,41.0,,,1.9477434679334915
"Moncloa, Madrid","Villanueva de la Cañada, Madrid",TRANSIT,10:00,2026-02-27,41.37,91.5,,,2.2117476432197245
"Estación de Atocha, Madrid",Toledo,TRANSIT,09:00,2026-02-27,83.76,51.7,,,0.6172397325692455
"Puerta del Sol, Madrid","Torrejón de Ardoz, Madrid",TRANSIT,05:00,2026-02-27,24.63,39.5,,,1.6037352821762079
"Puerta del Sol, Madrid","Aeropuerto Adolfo Suárez Madrid-Barajas, Madrid",TRANSIT,03:00,2026-02-27,15.54,48.4,,,3.114543114543115
"Nuevos Ministerios, Madrid","Estación de Atocha, Madrid",TRANSIT,03:00,2026-02-27,11.02,42.6,,,3.8656987295825775
"Estación de Atocha, Madrid",Ávila,TRANSIT,08:00,2026-02-27,129.29,145.9,,,1.128470879418362
"Moncloa, Madrid","Pozuelo de Alarcón, Madrid",TRANSIT,02:00,2026-02-27,17.91,71.0,,,3.9642657733109994
"Estación de Atocha, Madrid","Zaragoza, España",TRANSIT,14:00,2026-02-27,306.89,106.1,,,0.3457264818012969
"Móstoles, Madrid","Leganés, Madrid",TRANSIT,02:00,2026-02-27,36.64,89.0,,,2.4290393013100435
"Estación de Atocha, Madrid",Cuenca,TRANSIT,10:00,2026-02-27,212.01,113.2,,,0.5339370784396963
"Estación de Chamartín, Madrid","Bilbao, España",TRANSIT,07:00,2026-02-27,322.43,283.1,,,0.8780200353565115
"Retiro, Madrid","Getafe, Madrid",TRANSIT,23:00,2026-02-27,17.49,48.3,,,2.7615780445969125
"Estación de Atocha, Madrid","Fuenlabrada, Madrid",TRANSIT,23:00,2026-02-27,25.85,38.4,,,1.485493230174081
"Estación de Atocha, Madrid","Parla, Madrid",TRANSIT,04:00,2026-02-27,23.17,41.2,,,1.7781614156236514
"Estación de Atocha, Madrid",Ávila,TRANSIT,17:00,2026-02-27,128.24,112.2,,,0.8749220212102308
"Retiro, Madrid","Leganés, Madrid",TRANSIT,08:00,2026-02-27,16.03,42.4,,,2.64504054897068
"Estación de Chamartín, Madrid","Bilbao, España",TRANSIT,11:00,2026-02-27,334.25,314.8,,,0.9418100224382947
"Nuevos Ministerios, Madrid","Aeropuerto Adolfo Suárez Madrid-Barajas, Madrid",TRANSIT,01:00,2026-02-27,12.43,39.2,,,3.1536604987932426
"Puerta del Sol, Madrid","Alcorcón, Madrid",TRANSIT,00:00 (+1d),2026-02-27,21.73,38.5,,,1.7717441325356649
"Moncloa, Madrid","Las Rozas de Madrid, Madrid",TRANSIT,05:00,2026-02-27,22.3,64.7,,,2.901345291479821
"Estación de Atocha, Madrid","Valencia, España",TRANSIT,08:00,2026-02-27,406.73,147.6,,,0.36289430334620015
"Aranjuez, Madrid","Ocaña, Toledo",TRANSIT,09:00,2026-02-27,16.96,15.0,,,0.8844339622641509
"Estación de Atocha, Madrid","Aranjuez, Madrid",TRANSIT,06:00,2026-02-27,48.26,41.6,,,0.8619975134687112
"Puerta del Sol, Madrid","Alcorcón, Madrid",TRANSIT,21:00,2026-02-27,17.56,52.9,,,3.0125284738041005
"Estación de Atocha, Madrid","Sevilla, España",TRANSIT,06:00,2026-02-27,470.54,162.6,,,0.34556041994304415
"Tres Cantos, Madrid","Alcobendas, Madrid",TRANSIT,00:00 (+1d),2026-02-27,28.04,49.1,,,1.7510699001426535
"Estación de Atocha, Madrid","Alcobendas, Madrid",TRANSIT,03:00,2026-02-27,23.79,53.6,,,2.2530474989491385
"Aranjuez, Madrid","Valdemoro, Madrid",TRANSIT,06:00,2026-02-27,22.39,26.2,,,1.1701652523447967
"Estación de Atocha, Madrid","Aranjuez, Madrid",TRANSIT,21:00,2026-02-27,45.97,57.6,,,1.252991081139874
"Estación de Atocha, Madrid",Toledo,TRANSIT,10:00,2026-02-27,83.76,57.7,,,0.688872970391595
"Estación de Atocha, Madrid","Alcobendas, Madrid",TRANSIT,10:00,2026-02-27,24.9,50.0,,,2.0080321285140563
"Tres Cantos, Madrid","Alcobendas, Madrid",TRANSIT,21:00,2026-02-27,28.81,42.8,,,1.4855952794168692
"Estación de Chamartín, Madrid","Bilbao, España",TRANSIT,21:00,2026-02-27,326.39,279.8,,,0.8572566561475536
"Moncloa, Madrid","Villanueva de la Cañada, Madrid",TRANSIT,13:00,2026-02-27,39.84,88.0,,,2.208835341365462
"Estación de Atocha, Madrid",Toledo,TRANSIT,22:00,2026-02-27,69.04,138.2,,,2.001738122827346
"Estación de Atocha, Madrid","Barcelona Sants, Barcelona",TRANSIT,08:00,2026-02-27,625.94,210.3,,,0.3359746940601335
"Móstoles, Madrid","Fuenlabrada, Madrid",TRANSIT,02:00,2026-02-27,43.87,100.2,,,2.284020971050832
"Estación de Atocha, Madrid","Sevilla, España",TRANSIT,01:00,2026-02-27,470.82,173.1,,,0.36765642920861474
"Puerta del Sol, Madrid","Alcorcón, Madrid",TRANSIT,06:00,2026-02-27,19.2,47.8,,,2.4895833333333335
"Retiro, Madrid","Leganés, Madrid",TRANSIT,19:00,2026-02-27,16.96,39.1,,,2.3054245283018866
"Puerta del Sol, Madrid","Alcorcón, Madrid",TRANSIT,02:00,2026-02-27,21.73,53.5,,,2.462034054302807
"Tres Cantos, Madrid","Alcobendas, Madrid",TRANSIT,11:00,2026-02-27,28.81,49.3,,,1.7112113849357862
"Moncloa, Madrid","Las Rozas de Madrid, Madrid",TRANSIT,23:00,2026-02-27,25.07,70.0,,,2.792181890706023
"Estación de Chamartín, Madrid","Bilbao, España",TRANSIT,01:00,2026-02-27,483.63,295.5,,,0.6110042801315055
"Retiro, Madrid","Leganés, Madrid",TRANSIT,22:00,2026-02-27,16.03,44.6,,,2.7822832189644418
"Estación de Chamartín, Madrid","Tres Cantos, Madrid",TRANSIT,02:00,2026-02-27,18.41,40.8,,,2.216186854970125
"Móstoles, Madrid","Leganés, Madrid",TRANSIT,04:00,2026-02-27,34.25,58.4,,,1.705109489051095
"Puerta del Sol, Madrid","Alcorcón, Madrid",TRANSIT,10:00,2026-02-27,15.82,43.9,,,2.774968394437421
"Estación de Atocha, Madrid",Córdoba,TRANSIT,10:00,2026-02-27,344.21,100.1,,,0.2908108422184132
"Moncloa, Madrid","Las Rozas de Madrid, Madrid",TRANSIT,09:00,2026-02-27,17.78,61.8,,,3.4758155230596173
"Estación de Atocha, Madrid","Alcobendas, Madrid",TRANSIT,01:00,2026-02-27,19.44,63.0,,,3.2407407407407405
"Estación de Atocha, Madrid",Cuenca,TRANSIT,12:00,2026-02-27,195.45,81.1,,,0.41493988232284473
"Retiro, Madrid","Getafe, Madrid",TRANSIT,03:00,2026-02-27,15.87,53.8,,,3.390044108380592
"Moncloa, Madrid","Las Rozas de Madrid, Madrid",TRANSIT,03:00,2026-02-27,22.27,86.8,,,3.8976201167489894
"Estación de Atocha, Madrid",Cuenca,TRANSIT,08:00,2026-02-27,195.47,81.0,,,0.41438583925922134
"Estación de Atocha, Madrid","Alcobendas, Madrid",TRANSIT,20:00,2026-02-27,18.86,49.2,,,2.608695652173913
"Moncloa, Madrid","Villanueva de la Cañada, Madrid",TRANSIT,12:00,2026-02-27,41.3,91.3,,,2.2106537530266346
"Moncloa, Madrid","Boadilla del Monte, Madrid",TRANSIT,16:00,2026-02-27,36.47,99.1,,,2.7173018919659992
"Puerta del Sol, Madrid","Estación de Chamartín, Madrid",TRANSIT,03:00,2026-02-27,6.93,22.9,,,3.3044733044733046
"Puerta del Sol, Madrid","Alcorcón, Madrid",TRANSIT,01:00,2026-02-27,21.73,48.5,,,2.2319374137137595
"Estación de Atocha, Madrid","Móstoles, Madrid",TRANSIT,06:00,2026-02-27,19.76,39.5,,,1.998987854251012
"Estación de Atocha, Madrid","Barcelona Sants, Barcelona",TRANSIT,10:00,2026-02-27,625.94,210.2,,,0.3358149343387545
"Puerta del Sol, Madrid","Aeropuerto Adolfo Suárez Madrid-Barajas, Madrid",TRANSIT,21:00,2026-02-27,15.7,35.6,,,2.2675159235668794
"Moncloa, Madrid","Villanueva de la Cañada, Madrid",TRANSIT,07:00,2026-02-27,40.85,88.0,,,2.1542227662178703
"Puerta del Sol, Madrid","Getafe, Madrid",TRANSIT,06:00,2026-02-27,14.43,26.5,,,1.8364518364518365
"Retiro, Madrid","Leganés, Madrid",TRANSIT,23:00,2026-02-27,14.32,43.2,,,3.016759776536313
"Gran Vía, Madrid","Estadio Cívitas Metropolitano, Madrid",TRANSIT,07:00,2026-02-27,14.73,44.2,,,3.0006788866259337
"Moncloa, Madrid","Las Rozas de Madrid, Madrid",TRANSIT,08:00,2026-02-27,17.78,61.3,,,3.447694038245219
"Estación de Atocha, Madrid","Alcalá de Henares, Madrid",TRANSIT,01:00,2026-02-27,33.79,88.1,,,2.6072802604320806
"Estación de Atocha, Madrid",Córdoba,TRANSIT,06:00,2026-02-27,344.21,110.1,,,0.3198628744080648
"Aranjuez, Madrid","Valdemoro, Madrid",TRANSIT,11:00,2026-02-27,22.94,26.0,,,1.133391455972101
"Retiro, Madrid","Getafe, Madrid",TRANSIT,12:00,2026-02-27,14.48,38.0,,,2.6243093922651934
"Estación de Atocha, Madrid","Móstoles, Madrid",TRANSIT,00:00 (+1d),2026-02-27,29.04,72.6,,,2.5
"Estación de Atocha, Madrid","Zaragoza, España",TRANSIT,19:00,2026-02-27,306.56,76.0,,,0.24791231732776617
"Estación de Atocha, Madrid","Alcalá de Henares, Madrid",TRANSIT,03:00,2026-02-27,33.22,43.2,,,1.300421432871764
"Estación de Atocha, Madrid",Ávila,TRANSIT,15:00,2026-02-27,128.24,123.2,,,0.9606986899563318
"Puerta del Sol, Madrid","Coslada, Madrid",TRANSIT,07:00,2026-02-27,16.55,35.5,,,2.1450151057401814
"Puerta del Sol, Madrid","Torrejón de Ardoz, Madrid",TRANSIT,14:00,2026-02-27,24.73,43.5,,,1.7589971694298423
"Aranjuez, Madrid","Ocaña, Toledo",TRANSIT,15:00,2026-02-27,50.61,60.0,,,1.1855364552459988
"Estación de Atocha, Madrid",Cuenca,TRANSIT,18:00,2026-02-27,195.47,83.0,,,0.424617588376733
"Estación de Atocha, Madrid","Alcobendas, Madrid",TRANSIT,08:00,2026-02-27,19.15,52.5,,,2.741514360313316
"Moncloa, Madrid","Boadilla del Monte, Madrid",TRANSIT,18:00,2026-02-27,38.31,102.8,,,2.683372487601148
"Retiro, Madrid","Getafe, Madrid",TRANSIT,06:00,2026-02-27,14.84,39.0,,,2.628032345013477
"Getafe, Madrid","Leganés, Madrid",TRANSIT,02:00,2026-02-27,19.5,49.3,,,2.528205128205128
"Puerta del Sol, Madrid","Leganés, Madrid",TRANSIT,03:00,2026-02-27,14.3,44.4,,,3.1048951048951046
"Estación de Atocha, Madrid","Valencia, España",TRANSIT,13:00,2026-02-27,390.24,132.1,,,0.33850963509635096
"Puerta del Sol, Madrid","Torrejón de Ardoz, Madrid",TRANSIT,02:00,2026-02-27,25.8,84.3,,,3.267441860465116
"Estación de Atocha, Madrid","Pinto, Madrid",TRANSIT,01:00,2026-02-27,20.49,29.4,,,1.4348462664714496
"Estación de Chamartín, Madrid",Valladolid,TRANSIT,18:00,2026-02-27,179.23,74.5,,,0.4156670200301289
"Estación de Atocha, Madrid","Valencia, España",TRANSIT,06:00,2026-02-27,406.67,144.2,,,0.354587257481496
"Estación de Atocha, Madrid","Móstoles, Madrid",TRANSIT,03:00,2026-02-27,19.76,38.5,,,1.9483805668016192
"Moncloa, Madrid","Villanueva de la Cañada, Madrid",TRANSIT,20:00,2026-02-27,42.27,96.3,,,2.2782114975159686
"Alcalá de Henares, Madrid","Torrejón de Ardoz, Madrid",TRANSIT,04:00,2026-02-27,10.37,9.0,,,0.8678881388621023
"Moncloa, Madrid","Villanueva de la Cañada, Madrid",TRANSIT,15:00,2026-02-27,44.51,111.1,,,2.4960682992585936
"Estación de Atocha, Madrid","San Sebastián de los Reyes, Madrid",TRANSIT,16:00,2026-02-27,24.25,62.6,,,2.5814432989690723
"Estación de Chamartín, Madrid",Burgos,TRANSIT,01:00,2026-02-27,303.97,121.5,,,0.3997104977464881
"Puerta del Sol, Madrid","Aeropuerto Adolfo Suárez Madrid-Barajas, Madrid",TRANSIT,01:00,2026-02-27,14.42,41.9,,,2.9056865464632455
"Puerta del Sol, Madrid","Leganés, Madrid",TRANSIT,00:00 (+1d),2026-02-27,21.07,52.2,,,2.4774560987185574
"Moncloa, Madrid","Majadahonda, Madrid",TRANSIT,19:00,2026-02-27,34.3,84.4,,,2.46064139941691
"Estación de Atocha, Madrid",Segovia,TRANSIT,13:00,2026-02-27,81.56,85.5,,,1.0483079941147622
"Las Rozas de Madrid, Madrid","Majadahonda, Madrid",TRANSIT,22:00,2026-02-27,12.26,43.0,,,3.5073409461663947
"Estación de Atocha, Madrid","Sevilla, España",TRANSIT,16:00,2026-02-27,470.86,178.1,,,0.37824406405300937
"Estación de Chamartín, Madrid",Burgos,TRANSIT,09:00,2026-02-27,303.85,165.9,,,0.5459930886950798
"Moncloa, Madrid","Villanueva de la Cañada, Madrid",TRANSIT,01:00,2026-02-27,42.93,125.9,,,2.932681108781738
"Moncloa, Madrid","Villanueva de la Cañada, Madrid",TRANSIT,19:00,2026-02-27,40.42,96.7,,,2.3923800098960912
"Puerta del Sol, Madrid","Coslada, Madrid",TRANSIT,04:00,2026-02-27,16.65,41.5,,,2.4924924924924925
"Estación de Chamartín, Madrid","Tres Cantos, Madrid",TRANSIT,03:00,2026-02-27,16.26,24.5,,,1.5067650676506763
"Estación de Chamartín, Madrid",Valladolid,TRANSIT,21:00,2026-02-27,188.95,170.5,,,0.9023551204022229
"Estación de Chamartín, Madrid",Salamanca,TRANSIT,08:00,2026-02-27,185.73,201.9,,,1.0870618639961236
"Estación de Chamartín, Madrid","Alcobendas, Madrid",TRANSIT,01:00,2026-02-27,10.62,24.4,,,2.297551789077213
"Las Rozas de Madrid, Madrid","Majadahonda, Madrid",TRANSIT,18:00,2026-02-27,12.26,30.0,,,2.4469820554649266
"Puerta del Sol, Madrid","Coslada, Madrid",TRANSIT,12:00,2026-02-27,17.05,29.9,,,1.75366568914956
"Estación de Atocha, Madrid","Valencia, España",TRANSIT,05:00,2026-02-27,407.36,140.2,,,0.3441673212882953
"Móstoles, Madrid","Alcorcón, Madrid",TRANSIT,15:00,2026-02-27,13.12,32.8,,,2.5
"Estación de Chamartín, Madrid","Bilbao, España",TRANSIT,10:00,2026-02-27,336.05,323.0,,,0.9611664930813867
"Estación de Atocha, Madrid","Aranjuez, Madrid",TRANSIT,22:00,2026-02-27,46.23,64.4,,,1.393034825870647
"Moncloa, Madrid","Las Rozas de Madrid, Madrid",TRANSIT,17:00,2026-02-27,17.78,64.3,,,3.6164229471316083
"Retiro, Madrid","Leganés, Madrid",TRANSIT,11:00,2026-02-27,16.03,41.0,,,2.557704304429195
"Retiro, Madrid","Getafe, Madrid",TRANSIT,09:00,2026-02-27,14.48,38.4,,,2.6519337016574585
"Estación de Chamartín, Madrid","Bilbao, España",TRANSIT,08:00,2026-02-27,326.28,317.8,,,0.9740100527154593
"Las Rozas de Madrid, Madrid","Majadahonda, Madrid",TRANSIT,20:00,2026-02-27,11.4,22.9,,,2.008771929824561
"Puerta del Sol, Madrid","Coslada, Madrid",TRANSIT,06:00,2026-02-27,16.65,33.5,,,2.012012012012012
"Retiro, Madrid","Leganés, Madrid",TRANSIT,02:00,2026-02-27,21.73,57.9,,,2.664519098021169
"Moncloa, Madrid","Boadilla del Monte, Madrid",TRANSIT,13:00,2026-02-27,38.31,104.5,,,2.727747324458366
"Móstoles, Madrid","Leganés, Madrid",TRANSIT,01:00,2026-02-27,13.27,26.2,,,1.974378296910324
"Puerta del Sol, Madrid","Getafe, Madrid",TRANSIT,03:00,2026-02-27,16.39,49.0,,,2.989627821842587
"Gran Vía, Madrid","Estadio Cívitas Metropolitano, Madrid",TRANSIT,10:00,2026-02-27,11.27,41.1,,,3.6468500443655727
"Estación de Chamartín, Madrid","Alcobendas, Madrid",TRANSIT,04:00,2026-02-27,16.13,45.0,,,2.7898326100433977
"Aranjuez, Madrid","Valdemoro, Madrid",TRANSIT,15:00,2026-02-27,21.05,21.0,,,0.997624703087886
"Puerta del Sol, Madrid","Torrejón de Ardoz, Madrid",TRANSIT,07:00,2026-02-27,24.63,44.5,,,1.806739748274462
"Aranjuez, Madrid","Ocaña, Toledo",TRANSIT,00:00 (+1d),2026-02-27,109.14,115.0,,,1.053692505039399
"Estación de Atocha, Madrid","Sevilla, España",TRANSIT,19:00,2026-02-27,470.82,154.1,,,0.32730130410772695
"Estación de Atocha, Madrid","Málaga, España",TRANSIT,21:00,2026-02-27,463.04,459.9,,,0.9932187284035936
"Moncloa, Madrid","Las Rozas de Madrid, Madrid",TRANSIT,12:00,2026-02-27,22.6,58.3,,,2.579646017699115
"Estación de Chamartín, Madrid",Salamanca,TRANSIT,19:00,2026-02-27,243.1,108.5,,,0.4463183874948581
"Estación de Atocha, Madrid",Segovia,TRANSIT,14:00,2026-02-27,81.6,78.5,,,0.9620098039215687
"Estación de Chamartín, Madrid","Bilbao, España",TRANSIT,15:00,2026-02-27,326.28,296.7,,,0.909341669731519
"Retiro, Madrid","Leganés, Madrid",TRANSIT,10:00,2026-02-27,16.96,41.4,,,2.4410377358490565
"Tres Cantos, Madrid","Alcobendas, Madrid",TRANSIT,16:00,2026-02-27,28.81,43.3,,,1.5029503644567859
"Retiro, Madrid","Leganés, Madrid",TRANSIT,00:00 (+1d),2026-02-27,21.62,48.6,,,2.247918593894542
"Puerta del Sol, Madrid","Coslada, Madrid",TRANSIT,02:00,2026-02-27,16.76,41.4,,,2.4701670644391407
"Tres Cantos, Madrid","Alcobendas, Madrid",TRANSIT,18:00,2026-02-27,28.81,50.1,,,1.738979520999653
"Retiro, Madrid","Getafe, Madrid",TRANSIT,16:00,2026-02-27,15.68,39.4,,,2.512755102040816
"Estación de Chamartín, Madrid",Burgos,TRANSIT,10:00,2026-02-27,305.59,200.6,,,0.6564350927713604
"Las Rozas de Madrid, Madrid","Majadahonda, Madrid",TRANSIT,10:00,2026-02-27,21.38,33.0,,,1.5434985968194574
"Retiro, Madrid","Getafe, Madrid",TRANSIT,15:00,2026-02-27,14.87,41.0,,,2.757229320780094
"Estación de Atocha, Madrid","Valencia, España",TRANSIT,09:00,2026-02-27,406.67,146.2,,,0.35950524995696753
"Aranjuez, Madrid","Valdemoro, Madrid",TRANSIT,05:00,2026-02-27,22.34,27.6,,,1.2354521038495971
"Puerta del Sol, Madrid","Plaza de Castilla, Madrid",TRANSIT,05:00,2026-02-27,8.27,30.8,,,3.724304715840387
"Puerta del Sol, Madrid","Leganés, Madrid",TRANSIT,17:00,2026-02-27,16.77,33.5,,,1.9976147883124629
"Moncloa, Madrid","Las Rozas de Madrid, Madrid",TRANSIT,19:00,2026-02-27,24.14,60.9,,,2.5227837613918807
"Retiro, Madrid","Leganés, Madrid",TRANSIT,07:00,2026-02-27,16.58,38.8,,,2.3401688781664656
"Estación de Atocha, Madrid","San Sebastián de los Reyes, Madrid",TRANSIT,09:00,2026-02-27,24.25,60.7,,,2.5030927835051546
"Retiro, Madrid","Getafe, Madrid",TRANSIT,11:00,2026-02-27,14.87,41.7,,,2.8043039677202426
"Estación de Atocha, Madrid","Alcobendas, Madrid",TRANSIT,18:00,2026-02-27,21.54,54.5,,,2.530176415970288
"Nuevos Ministerios, Madrid","Estación de Atocha, Madrid",TRANSIT,23:00,2026-02-27,5.44,16.6,,,3.0514705882352944
"Estación de Atocha, Madrid",Cuenca,TRANSIT,16:00,2026-02-27,196.47,108.1,,,0.5502112281773298
"Estación de Atocha, Madrid",Cuenca,TRANSIT,01:00,2026-02-27,212.01,117.2,,,0.5528041130135372
"Retiro, Madrid","Leganés, Madrid",TRANSIT,18:00,2026-02-27,16.96,42.4,,,2.5
"Estación de Atocha, Madrid",Cuenca,TRANSIT,14:00,2026-02-27,212.36,113.2,,,0.5330570728950838
"Estación de Atocha, Madrid",Ciudad Real,TRANSIT,22:00,2026-02-27,171.32,58.1,,,0.3391314499182816
"Puerta del Sol, Madrid","Alcorcón, Madrid",TRANSIT,22:00,2026-02-27,17.7,50.6,,,2.8587570621468927
"Moncloa, Madrid","Villanueva de la Cañada, Madrid",TRANSIT,00:00 (+1d),2026-02-27,44.35,107.8,,,2.4306651634723786
"Puerta del Sol, Madrid","Getafe, Madrid",TRANSIT,04:00,2026-02-27,15.41,25.5,,,1.6547696301103179
"Estación de Atocha, Madrid",Córdoba,TRANSIT,07:00,2026-02-27,344.21,109.1,,,0.3169576711890997
"Puerta del Sol, Madrid","Coslada, Madrid",TRANSIT,05:00,2026-02-27,16.55,30.5,,,1.8429003021148036
"Moncloa, Madrid","Majadahonda, Madrid",TRANSIT,13:00,2026-02-27,35.36,79.5,,,2.2483031674208145
"Las Rozas de Madrid, Madrid","Majadahonda, Madrid",TRANSIT,19:00,2026-02-27,13.32,31.0,,,2.3273273273273274
"Retiro, Madrid","Leganés, Madrid",TRANSIT,01:00,2026-02-27,14.7,43.7,,,2.972789115646259
"Estación de Atocha, Madrid","San Sebastián de los Reyes, Madrid",TRANSIT,21:00,2026-02-27,27.9,80.2,,,2.874551971326165
"Moncloa, Madrid","Las Rozas de Madrid, Madrid",TRANSIT,01:00,2026-02-27,22.46,90.8,,,4.042742653606411
"Estación de Chamartín, Madrid",Valladolid,TRANSIT,06:00,2026-02-27,179.22,72.5,,,0.4045307443365696
"Retiro, Madrid","Leganés, Madrid",TRANSIT,21:00,2026-02-27,16.96,39.7,,,2.3408018867924527
"Estación de Atocha, Madrid","Alcalá de Henares, Madrid",TRANSIT,02:00,2026-02-27,33.79,78.1,,,2.311334714412548
"Estación de Chamartín, Madrid",Valladolid,TRANSIT,11:00,2026-02-27,179.23,71.5,,,0.3989287507671707
"Estación de Atocha, Madrid","Alcobendas, Madrid",TRANSIT,13:00,2026-02-27,18.86,51.8,,,2.746553552492047
"Puerta del Sol, Madrid","Alcorcón, Madrid",TRANSIT,18:00,2026-02-27,19.3,46.8,,,2.4248704663212433
"Estación de Atocha, Madrid",Segovia,TRANSIT,12:00,2026-02-27,81.76,84.0,,,1.0273972602739725
"Tres Cantos, Madrid","Alcobendas, Madrid",TRANSIT,20:00,2026-02-27,16.6,45.4,,,2.7349397590361444
"Getafe, Madrid","Leganés, Madrid",TRANSIT,01:00,2026-02-27,10.91,16.1,,,1.4757103574702108
"Puerta del Sol, Madrid","Leganés, Madrid",TRANSIT,13:00,2026-02-27,16.77,32.5,,,1.9379844961240311
"Puerta del Sol, Madrid","Getafe, Madrid",TRANSIT,01:00,2026-02-27,14.76,27.6,,,1.869918699186992
"Estación de Atocha, Madrid",Cuenca,TRANSIT,19:00,2026-02-27,212.36,115.2,,,0.5424750423808626
"Aranjuez, Madrid","Valdemoro, Madrid",TRANSIT,17:00,2026-02-27,22.39,27.1,,,1.2103617686467174
"Moncloa, Madrid","Villanueva de la Cañada, Madrid",TRANSIT,08:00,2026-02-27,42.93,94.9,,,2.2105753552294436
"Estación de Chamartín, Madrid",Valladolid,TRANSIT,13:00,2026-02-27,179.52,63.5,,,0.35372103386809267
"Estación de Atocha, Madrid","Alcobendas, Madrid",TRANSIT,00:00 (+1d),2026-02-27,19.44,57.0,,,2.9320987654320985
"Gran Vía, Madrid","Estadio Cívitas Metropolitano, Madrid",TRANSIT,09:00,2026-02-27,14.73,45.2,,,3.0685675492192805
"Moncloa, Madrid","Boadilla del Monte, Madrid",TRANSIT,12:00,2026-02-27,38.31,100.5,,,2.623335943617854
"Estación de Atocha, Madrid","Alcalá de Henares, Madrid",TRANSIT,06:00,2026-02-27,33.21,43.6,,,1.3128575730201746
"Nuevos Ministerios, Madrid","Aeropuerto Adolfo Suárez Madrid-Barajas, Madrid",TRANSIT,05:00,2026-02-27,12.29,20.7,,,1.6842961757526445
"Puerta del Sol, Madrid","Torrejón de Ardoz, Madrid",TRANSIT,13:00,2026-02-27,24.73,45.5,,,1.8398706025070763
"Puerta del Sol, Madrid","Leganés, Madrid",TRANSIT,04:00,2026-02-27,16.1,30.5,,,1.8944099378881987
"Estación de Chamartín, Madrid",Salamanca,TRANSIT,06:00,2026-02-27,243.1,109.5,,,0.45043192102015633
"Estación de Atocha, Madrid","Móstoles, Madrid",TRANSIT,02:00,2026-02-27,25.62,96.2,,,3.7548790007806403
"Estación de Atocha, Madrid",Toledo,TRANSIT,12:00,2026-02-27,83.88,54.4,,,0.6485455412494039
"Puerta del Sol, Madrid","Leganés, Madrid",TRANSIT,08:00,2026-02-27,16.67,33.5,,,2.009598080383923
"Estación de Chamartín, Madrid","Colmenar Viejo, Madrid",TRANSIT,01:00,2026-02-27,26.67,39.7,,,1.4885639295088113
"Estación de Atocha, Madrid",Toledo,TRANSIT,11:00,2026-02-27,83.88,61.4,,,0.731998092513114
"Puerta del Sol, Madrid","Torrejón de Ardoz, Madrid",TRANSIT,09:00,2026-02-27,24.63,40.5,,,1.6443361753958587
"Nuevos Ministerios, Madrid","Estación de Atocha, Madrid",TRANSIT,16:00,2026-02-27,5.48,17.6,,,3.2116788321167884
"Puerta del Sol, Madrid","Coslada, Madrid",TRANSIT,23:00,2026-02-27,17.79,52.8,,,2.9679595278246205
"Moncloa, Madrid","Las Rozas de Madrid, Madrid",TRANSIT,07:00,2026-02-27,22.37,62.4,,,2.789450156459544
"Puerta del Sol, Madrid","Leganés, Madrid",TRANSIT,12:00,2026-02-27,16.67,34.5,,,2.069586082783443
"Estación de Atocha, Madrid",Ávila,TRANSIT,21:00,2026-02-27,301.56,518.2,,,1.7183976654728745
"Puerta del Sol, Madrid","Aeropuerto Adolfo Suárez Madrid-Barajas, Madrid",TRANSIT,11:00,2026-02-27,15.7,34.1,,,2.171974522292994
"Puerta del Sol, Madrid","Torrejón de Ardoz, Madrid",TRANSIT,03:00,2026-02-27,24.01,72.7,,,3.027905039566847
"Las Rozas de Madrid, Madrid","Majadahonda, Madrid",TRANSIT,06:00,2026-02-27,11.4,27.2,,,2.3859649122807016
"Tres Cantos, Madrid","Alcobendas, Madrid",TRANSIT,15:00,2026-02-27,13.55,39.0,,,2.8782287822878225
"Las Rozas de Madrid, Madrid","Majadahonda, Madrid",TRANSIT,12:00,2026-02-27,11.4,27.1,,,2.3771929824561404
"Estación de Atocha, Madrid","Sevilla, España",TRANSIT,12:00,2026-02-27,470.54,164.6,,,0.34981085561270026
"Puerta del Sol, Madrid","Alcorcón, Madrid",TRANSIT,15:00,2026-02-27,15.82,42.9,,,2.711757269279393
"Gran Vía, Madrid","Estadio Cívitas Metropolitano, Madrid",TRANSIT,01:00,2026-02-27,11.01,46.4,,,4.214350590372389
"Móstoles, Madrid","Alcorcón, Madrid",TRANSIT,01:00,2026-02-27,8.41,27.3,,,3.2461355529131986
"Moncloa, Madrid","Las Rozas de Madrid, Madrid",TRANSIT,11:00,2026-02-27,22.37,59.8,,,2.6732230666070627
"Estación de Chamartín, Madrid",Salamanca,TRANSIT,15:00,2026-02-27,243.31,149.5,,,0.6144424807858287
"Estación de Atocha, Madrid","Alcobendas, Madrid",TRANSIT,15:00,2026-02-27,18.86,52.5,,,2.7836691410392365
"Estación de Chamartín, Madrid","Tres Cantos, Madrid",TRANSIT,01:00,2026-02-27,15.65,31.7,,,2.02555910543131
"Getafe, Madrid","Parla, Madrid",TRANSIT,01:00,2026-02-27,9.09,25.8,,,2.8382838283828384
"Puerta del Sol, Madrid","Aeropuerto Adolfo Suárez Madrid-Barajas, Madrid",TRANSIT,00:00 (+1d),2026-02-27,15.24,35.5,,,2.3293963254593177
"Retiro, Madrid","Getafe, Madrid",TRANSIT,20:00,2026-02-27,14.87,40.6,,,2.730329522528581
"Puerta del Sol, Madrid","Vallecas, Madrid",TRANSIT,01:00,2026-02-27,11.23,40.0,,,3.561887800534283
"Estación de Chamartín, Madrid",Salamanca,TRANSIT,17:00,2026-02-27,288.24,203.6,,,0.7063558145989453
"Estación de Atocha, Madrid","Sevilla, España",TRANSIT,17:00,2026-02-27,470.82,167.1,,,0.3549127054925449
"Estación de Atocha, Madrid","Valencia, España",TRANSIT,20:00,2026-02-27,310.62,312.6,,,1.0063743480780376
"Estación de Chamartín, Madrid",Burgos,TRANSIT,17:00,2026-02-27,304.27,103.5,,,0.3401584119367667
"Moncloa, Madrid","Villanueva de la Cañada, Madrid",TRANSIT,16:00,2026-02-27,44.4,94.2,,,2.121621621621622
"Estación de Atocha, Madrid",Toledo,TRANSIT,08:00,2026-02-27,83.88,51.4,,,0.6127801621363853
"Puerta del Sol, Madrid","Torrejón de Ardoz, Madrid",TRANSIT,01:00,2026-02-27,22.04,62.4,,,2.8312159709618876
"Estación de Atocha, Madrid","San Sebastián de los Reyes, Madrid",TRANSIT,17:00,2026-02-27,24.25,61.5,,,2.536082474226804
"Estación de Atocha, Madrid",Córdoba,TRANSIT,09:00,2026-02-27,343.92,106.6,,,0.3099558036752733
"Tres Cantos, Madrid","Alcobendas, Madrid",TRANSIT,01:00,2026-02-27,28.04,79.1,,,2.8209700427960054
"Estación de Chamartín, Madrid",Valladolid,TRANSIT,08:00,2026-02-27,179.22,69.5,,,0.3877915411226426
"Estación de Atocha, Madrid","Barcelona Sants, Barcelona",TRANSIT,01:00,2026-02-27,625.94,209.8,,,0.33517589545323834
"Estación de Atocha, Madrid","San Sebastián de los Reyes, Madrid",TRANSIT,06:00,2026-02-27,26.41,59.8,,,2.2642938280954183
"Estación de Atocha, Madrid","Málaga, España",TRANSIT,08:00,2026-02-27,536.46,173.1,,,0.3226708421876747
"Estación de Atocha, Madrid",Toledo,TRANSIT,23:00,2026-02-27,70.52,134.7,,,1.9100964265456608
"Estación de Atocha, Madrid","Barcelona Sants, Barcelona",TRANSIT,06:00,2026-02-27,607.34,183.1,,,0.30147857872032136
"Puerta del Sol, Madrid","Alcorcón, Madrid",TRANSIT,20:00,2026-02-27,15.82,41.9,,,2.648546144121365
"Estación de Atocha, Madrid",Córdoba,TRANSIT,13:00,2026-02-27,346.05,121.3,,,0.3505273804363531
"Puerta del Sol, Madrid","Getafe, Madrid",TRANSIT,07:00,2026-02-27,15.41,26.5,,,1.7196625567813109
"Estación de Atocha, Madrid",Toledo,TRANSIT,20:00,2026-02-27,69.71,94.7,,,1.3584851527757855
"Estación de Chamartín, Madrid",Salamanca,TRANSIT,12:00,2026-02-27,243.31,150.5,,,0.6185524639348978
"Estación de Chamartín, Madrid","San Sebastián, España",TRANSIT,23:00,2026-02-27,426.77,394.8,,,0.9250884551397709
"Estación de Atocha, Madrid","Zaragoza, España",TRANSIT,20:00,2026-02-27,306.57,79.0,,,0.2576899239977819
"Puerta del Sol, Madrid","Leganés, Madrid",TRANSIT,02:00,2026-02-27,21.07,57.2,,,2.7147603227337447
"Puerta del Sol, Madrid","Torrejón de Ardoz, Madrid",TRANSIT,12:00,2026-02-27,25.13,39.0,,,1.5519299641862316
"Estación de Atocha, Madrid",Toledo,TRANSIT,06:00,2026-02-27,84.4,59.4,,,0.7037914691943127
"Estación de Atocha, Madrid",Ávila,TRANSIT,13:00,2026-02-27,128.06,133.2,,,1.0401374355770732
"Moncloa, Madrid","Villanueva de la Cañada, Madrid",TRANSIT,06:00,2026-02-27,42.27,101.0,,,2.389401466761296
"Puerta del Sol, Madrid","Leganés, Madrid",TRANSIT,11:00,2026-02-27,16.67,36.5,,,2.1895620875824835
"Puerta del Sol, Madrid","Alcorcón, Madrid",TRANSIT,07:00,2026-02-27,19.3,49.8,,,2.5803108808290154
"Retiro, Madrid","Leganés, Madrid",TRANSIT,06:00,2026-02-27,16.94,39.0,,,2.3022432113341202
"Estación de Atocha, Madrid","Valencia, España",TRANSIT,12:00,2026-02-27,406.73,141.6,,,0.3481425023971676
"Estación de Atocha, Madrid","San Sebastián de los Reyes, Madrid",TRANSIT,13:00,2026-02-27,24.25,61.6,,,2.54020618556701
"Aranjuez, Madrid","Valdemoro, Madrid",TRANSIT,19:00,2026-02-27,22.39,25.2,,,1.125502456453774
"Aranjuez, Madrid","Valdemoro, Madrid",TRANSIT,12:00,2026-02-27,22.34,26.6,,,1.1906893464637422
"Estación de Atocha, Madrid","Alcobendas, Madrid",TRANSIT,04:00,2026-02-27,23.85,53.6,,,2.247379454926625
"Estación de Atocha, Madrid","Barcelona Sants, Barcelona",TRANSIT,15:00,2026-02-27,621.07,195.8,,,0.3152623697811841
"Getafe, Madrid","Parla, Madrid",TRANSIT,02:00,2026-02-27,9.88,13.1,,,1.3259109311740889
"Estación de Atocha, Madrid","Barcelona Sants, Barcelona",TRANSIT,23:00,2026-02-27,531.19,526.6,,,0.9913590240780135
"Estación de Atocha, Madrid","Zaragoza, España",TRANSIT,23:00,2026-02-27,274.74,282.9,,,1.0297008080366892
"Móstoles, Madrid","Fuenlabrada, Madrid",TRANSIT,04:00,2026-02-27,40.95,82.7,,,2.0195360195360195
"Estación de Chamartín, Madrid",Burgos,TRANSIT,15:00,2026-02-27,215.35,183.2,,,0.8507081495240306
"Estación de Chamartín, Madrid","Colmenar Viejo, Madrid",TRANSIT,23:00,2026-02-27,26.69,45.7,,,1.7122517796927688
"Estación de Atocha, Madrid","Málaga, España",TRANSIT,19:00,2026-02-27,536.13,167.0,,,0.3114916158394419
"Estación de Atocha, Madrid","Málaga, España",TRANSIT,07:00,2026-02-27,536.46,170.1,,,0.3170786265518398
"Retiro, Madrid","Leganés, Madrid",TRANSIT,20:00,2026-02-27,16.03,39.0,,,2.4329382407985025
"Tres Cantos, Madrid","Alcobendas, Madrid",TRANSIT,13:00,2026-02-27,13.74,40.5,,,2.947598253275109
"Puerta del Sol, Madrid","Alcorcón, Madrid",TRANSIT,13:00,2026-02-27,17.66,44.9,,,2.5424688561721402
"Estación de Atocha, Madrid","Alcobendas, Madrid",TRANSIT,16:00,2026-02-27,24.9,54.3,,,2.180722891566265
"Retiro, Madrid","Getafe, Madrid",TRANSIT,01:00,2026-02-27,15.87,38.8,,,2.4448645242596094
"Retiro, Madrid","Leganés, Madrid",TRANSIT,15:00,2026-02-27,16.03,39.6,,,2.4703680598877105
"Estación de Atocha, Madrid",Ciudad Real,TRANSIT,01:00,2026-02-27,171.32,63.0,,,0.36773289750175114
"Puerta del Sol, Madrid","Leganés, Madrid",TRANSIT,05:00,2026-02-27,16.67,31.5,,,1.889622075584883
"Puerta del Sol, Madrid","Alcorcón, Madrid",TRANSIT,09:00,2026-02-27,17.66,47.9,,,2.712344280860702
"Estación de Atocha, Madrid","San Sebastián de los Reyes, Madrid",TRANSIT,11:00,2026-02-27,24.25,60.8,,,2.507216494845361
"Estación de Atocha, Madrid",Ciudad Real,TRANSIT,15:00,2026-02-27,171.32,59.1,,,0.34496848003735703
"Estación de Atocha, Madrid","Pinto, Madrid",TRANSIT,02:00,2026-02-27,22.25,67.9,,,3.051685393258427
"Moncloa, Madrid","Villanueva de la Cañada, Madrid",TRANSIT,04:00,2026-02-27,42.27,127.2,,,3.0092264017033354
"Retiro, Madrid","Leganés, Madrid",TRANSIT,14:00,2026-02-27,16.96,41.7,,,2.4587264150943398
"Puerta del Sol, Madrid","Alcorcón, Madrid",TRANSIT,19:00,2026-02-27,15.94,40.1,,,2.515683814303639
"Retiro, Madrid","Getafe, Madrid",TRANSIT,14:00,2026-02-27,15.68,39.7,,,2.531887755102041
"Estación de Chamartín, Madrid",Salamanca,TRANSIT,09:00,2026-02-27,239.64,189.6,,,0.7911867801702555
"Estación de Atocha, Madrid","Pinto, Madrid",TRANSIT,20:00,2026-02-27,20.65,34.6,,,1.6755447941888622
"Estación de Chamartín, Madrid","San Sebastián, España",TRANSIT,10:00,2026-02-27,549.89,413.6,,,0.7521504300860172
"Puerta del Sol, Madrid","Aeropuerto Adolfo Suárez Madrid-Barajas, Madrid",TRANSIT,06:00,2026-02-27,15.7,33.1,,,2.1082802547770703
"Estación de Atocha, Madrid","Zaragoza, España",TRANSIT,09:00,2026-02-27,306.57,80.0,,,0.2609518217699057
"Retiro, Madrid","Getafe, Madrid",TRANSIT,21:00,2026-02-27,14.84,38.5,,,2.5943396226415096
"Moncloa, Madrid","Villanueva de la Cañada, Madrid",TRANSIT,23:00,2026-02-27,45.64,125.3,,,2.745398773006135
"Estación de Chamartín, Madrid",Salamanca,TRANSIT,21:00,2026-02-27,465.17,497.7,,,1.0699314229206527
"Estación de Atocha, Madrid","Valencia, España",TRANSIT,01:00,2026-02-27,407.01,154.2,,,0.378860470258716
"Estación de Atocha, Madrid",Segovia,TRANSIT,17:00,2026-02-27,82.11,93.3,,,1.1362805991962002
"Moncloa, Madrid","Boadilla del Monte, Madrid",TRANSIT,11:00,2026-02-27,36.47,96.9,,,2.6569783383602963
"Estación de Atocha, Madrid",Segovia,TRANSIT,07:00,2026-02-27,81.6,90.5,,,1.1090686274509804
"Estación de Atocha, Madrid","Alcalá de Henares, Madrid",TRANSIT,23:00,2026-02-27,33.26,82.5,,,2.4804570054119064
"Estación de Chamartín, Madrid",Burgos,TRANSIT,14:00,2026-02-27,217.9,202.7,,,0.9302432308398347
"Móstoles, Madrid","Fuenlabrada, Madrid",TRANSIT,05:00,2026-02-27,11.44,43.6,,,3.8111888111888117
"Puerta del Sol, Madrid","Torrejón de Ardoz, Madrid",TRANSIT,19:00,2026-02-27,24.63,41.5,,,1.6849370686155096
"Estación de Atocha, Madrid","Sevilla, España",TRANSIT,21:00,2026-02-27,593.55,561.2,,,0.9454974307135037
"Getafe, Madrid","Parla, Madrid",TRANSIT,05:00,2026-02-27,9.03,20.8,,,2.30343300110742
"Aranjuez, Madrid","Valdemoro, Madrid",TRANSIT,16:00,2026-02-27,21.05,31.0,,,1.4726840855106889
"Retiro, Madrid","Getafe, Madrid",TRANSIT,13:00,2026-02-27,14.87,39.0,,,2.6227303295225286
"Estación de Atocha, Madrid","Pinto, Madrid",TRANSIT,12:00,2026-02-27,19.71,30.5,,,1.5474378488077118
"Estación de Atocha, Madrid","Sevilla, España",TRANSIT,15:00,2026-02-27,470.82,160.1,,,0.34004502782379675
"Puerta del Sol, Madrid","Estación de Chamartín, Madrid",TRANSIT,05:00,2026-02-27,7.19,21.9,,,3.045897079276773
"Puerta del Sol, Madrid","Leganés, Madrid",TRANSIT,20:00,2026-02-27,16.1,29.5,,,1.8322981366459625
"Móstoles, Madrid","Leganés, Madrid",TRANSIT,03:00,2026-02-27,34.25,57.4,,,1.675912408759124
"Estación de Atocha, Madrid",Cuenca,TRANSIT,05:00,2026-02-27,212.01,112.2,,,0.5292203197962361
"Estación de Chamartín, Madrid","San Sebastián, España",TRANSIT,08:00,2026-02-27,568.33,324.5,,,0.5709710907395351
"Aranjuez, Madrid","Valdemoro, Madrid",TRANSIT,14:00,2026-02-27,22.39,28.1,,,1.25502456453774
"Móstoles, Madrid","Fuenlabrada, Madrid",TRANSIT,03:00,2026-02-27,40.95,81.7,,,1.9951159951159951
"Estación de Atocha, Madrid","Alcobendas, Madrid",TRANSIT,14:00,2026-02-27,21.54,53.5,,,2.4837511606313836
"Estación de Atocha, Madrid","San Sebastián de los Reyes, Madrid",TRANSIT,12:00,2026-02-27,24.25,60.3,,,2.48659793814433
"Estación de Atocha, Madrid","Pinto, Madrid",TRANSIT,10:00,2026-02-27,19.86,28.9,,,1.4551863041289024
"Estación de Atocha, Madrid","Valencia, España",TRANSIT,10:00,2026-02-27,407.01,141.2,,,0.34692022309034176
"Estación de Atocha, Madrid",Córdoba,TRANSIT,19:00,2026-02-27,344.21,99.1,,,0.287905638999448
"Puerta del Sol, Madrid","Aeropuerto Adolfo Suárez Madrid-Barajas, Madrid",TRANSIT,05:00,2026-02-27,15.75,36.6,,,2.323809523809524
"Puerta del Sol, Madrid","Aeropuerto Adolfo Suárez Madrid-Barajas, Madrid",TRANSIT,07:00,2026-02-27,15.7,32.1,,,2.0445859872611467
"Estación de Chamartín, Madrid",Burgos,TRANSIT,07:00,2026-02-27,303.97,113.5,,,0.37339211106359177
"Estación de Atocha, Madrid","Alcobendas, Madrid",TRANSIT,12:00,2026-02-27,24.9,50.1,,,2.0120481927710845
"Retiro, Madrid","Leganés, Madrid",TRANSIT,09:00,2026-02-27,16.03,38.9,,,2.426699937616968
"Estación de Chamartín, Madrid","Bilbao, España",TRANSIT,16:00,2026-02-27,483.63,299.5,,,0.6192750656493601
"Moncloa, Madrid","Las Rozas de Madrid, Madrid",TRANSIT,16:00,2026-02-27,22.68,65.6,,,2.892416225749559
"Aranjuez, Madrid","Valdemoro, Madrid",TRANSIT,20:00,2026-02-27,22.47,28.5,,,1.2683578104138853
"Estación de Atocha, Madrid",Ávila,TRANSIT,16:00,2026-02-27,128.24,129.2,,,1.0074859638178413
"Estación de Chamartín, Madrid",Burgos,TRANSIT,21:00,2026-02-27,216.1,182.7,,,0.8454419250347062
"Estación de Chamartín, Madrid","San Sebastián, España",TRANSIT,18:00,2026-02-27,351.29,342.1,,,0.9738392780893279
"Gran Vía, Madrid","Estadio Cívitas Metropolitano, Madrid",TRANSIT,05:00,2026-02-27,21.36,53.8,,,2.5187265917602994
"Moncloa, Madrid","Villanueva de la Cañada, Madrid",TRANSIT,17:00,2026-02-27,42.2,95.8,,,2.2701421800947865
"Estación de Chamartín, Madrid",Burgos,TRANSIT,16:00,2026-02-27,303.97,120.5,,,0.39642069941112607
"Puerta del Sol, Madrid","Torrejón de Ardoz, Madrid",TRANSIT,08:00,2026-02-27,24.63,43.5,,,1.7661388550548114
"Estación de Atocha, Madrid","Zaragoza, España",TRANSIT,12:00,2026-02-27,306.89,107.1,,,0.34898497833099806
"Nuevos Ministerios, Madrid","Aeropuerto Adolfo Suárez Madrid-Barajas, Madrid",TRANSIT,02:00,2026-02-27,15.73,51.6,,,3.280356007628735
"Moncloa, Madrid","Boadilla del Monte, Madrid",TRANSIT,08:00,2026-02-27,38.31,102.5,,,2.67554163403811
"Estación de Atocha, Madrid","Alcalá de Henares, Madrid",TRANSIT,05:00,2026-02-27,33.22,42.2,,,1.2703190848886214
"Estación de Atocha, Madrid","San Sebastián de los Reyes, Madrid",TRANSIT,22:00,2026-02-27,27.9,82.1,,,2.942652329749104
"Estación de Atocha, Madrid","Málaga, España",TRANSIT,15:00,2026-02-27,509.77,191.1,,,0.3748749436020166
"Estación de Atocha, Madrid","Fuenlabrada, Madrid",TRANSIT,18:00,2026-02-27,21.62,47.9,,,2.215541165587419
"Moncloa, Madrid","Las Rozas de Madrid, Madrid",TRANSIT,22:00,2026-02-27,22.27,81.9,,,3.6775931746744503
"Gran Vía, Madrid","Estadio Cívitas Metropolitano, Madrid",TRANSIT,00:00 (+1d),2026-02-27,11.01,44.0,,,3.9963669391462306
"Estación de Atocha, Madrid","Alcobendas, Madrid",TRANSIT,23:00,2026-02-27,21.54,57.5,,,2.669452181987001
"Retiro, Madrid","Leganés, Madrid",TRANSIT,16:00,2026-02-27,16.96,40.6,,,2.3938679245283017
"Estación de Atocha, Madrid","Valencia, España",TRANSIT,14:00,2026-02-27,407.01,144.2,,,0.3542910493599666
"Puerta del Sol, Madrid","Estación de Chamartín, Madrid",TRANSIT,00:00 (+1d),2026-02-27,9.0,37.0,,,4.111111111111111
"Estación de Atocha, Madrid","Sevilla, España",TRANSIT,10:00,2026-02-27,470.81,169.8,,,0.36065504131178183
"Estación de Atocha, Madrid","Málaga, España",TRANSIT,09:00,2026-02-27,509.77,194.1,,,0.38075995056594153
"Aranjuez, Madrid","Ocaña, Toledo",TRANSIT,18:00,2026-02-27,12.18,15.0,,,1.2315270935960592
"Estación de Atocha, Madrid","Valencia, España",TRANSIT,16:00,2026-02-27,406.67,139.2,,,0.3422922762928172
"Puerta del Sol, Madrid","Alcorcón, Madrid",TRANSIT,04:00,2026-02-27,17.66,57.9,,,3.278595696489241
"Móstoles, Madrid","Alcorcón, Madrid",TRANSIT,06:00,2026-02-27,8.38,23.7,,,2.8281622911694506
"Retiro, Madrid","Leganés, Madrid",TRANSIT,17:00,2026-02-27,16.94,43.0,,,2.538370720188902
"Aranjuez, Madrid","Valdemoro, Madrid",TRANSIT,18:00,2026-02-27,22.34,24.7,,,1.1056401074306177
"Moncloa, Madrid","Villanueva de la Cañada, Madrid",TRANSIT,18:00,2026-02-27,43.42,100.1,,,2.305389221556886
"Moncloa, Madrid","Las Rozas de Madrid, Madrid",TRANSIT,14:00,2026-02-27,22.49,59.0,,,2.6233881725211208
"Estación de Atocha, Madrid","Barcelona Sants, Barcelona",TRANSIT,11:00,2026-02-27,625.94,209.9,,,0.33533565517461733
"Gran Vía, Madrid","Estadio Cívitas Metropolitano, Madrid",TRANSIT,06:00,2026-02-27,14.73,44.7,,,3.034623217922607
"Estación de Atocha, Madrid","Fuenlabrada, Madrid",TRANSIT,20:00,2026-02-27,21.62,43.9,,,2.0305272895467157
"Estación de Atocha, Madrid",Ciudad Real,TRANSIT,08:00,2026-02-27,171.32,64.0,,,0.3735699276208265
"Moncloa, Madrid","Majadahonda, Madrid",TRANSIT,11:00,2026-02-27,33.75,91.7,,,2.717037037037037
"Estación de Atocha, Madrid",Cuenca,TRANSIT,17:00,2026-02-27,212.36,114.2,,,0.5377660576379732
"Puerta del Sol, Madrid","Leganés, Madrid",TRANSIT,06:00,2026-02-27,16.1,31.5,,,1.9565217391304346
"Estación de Chamartín, Madrid","San Sebastián, España",TRANSIT,11:00,2026-02-27,572.19,383.1,,,0.6695328474807319
"Moncloa, Madrid","Boadilla del Monte, Madrid",TRANSIT,05:00,2026-02-27,41.17,96.7,,,2.3487976682050036
"Estación de Atocha, Madrid","Zaragoza, España",TRANSIT,15:00,2026-02-27,306.89,101.1,,,0.3294339991527909
"Estación de Atocha, Madrid",Toledo,TRANSIT,07:00,2026-02-27,83.76,61.7,,,0.7366284622731614
"Estación de Chamartín, Madrid",Burgos,TRANSIT,19:00,2026-02-27,215.35,203.2,,,0.9435802182493614
"Estación de Atocha, Madrid",Segovia,TRANSIT,09:00,2026-02-27,82.79,120.3,,,1.4530740427587872
"Estación de Atocha, Madrid",Córdoba,TRANSIT,08:00,2026-02-27,344.21,117.0,,,0.3399087766189245
"Puerta del Sol, Madrid","Torrejón de Ardoz, Madrid",TRANSIT,04:00,2026-02-27,24.73,50.5,,,2.0420541852001617
"Getafe, Madrid","Parla, Madrid",TRANSIT,04:00,2026-02-27,15.65,29.1,,,1.8594249201277955
"Estación de Chamartín, Madrid",Valladolid,TRANSIT,19:00,2026-02-27,179.22,64.5,,,0.35989286909943086
"Puerta del Sol, Madrid","Alcorcón, Madrid",TRANSIT,14:00,2026-02-27,15.82,40.9,,,2.5853350189633373
"Estación de Atocha, Madrid",Córdoba,TRANSIT,14:00,2026-02-27,344.21,108.6,,,0.3155050695796171
"Puerta del Sol, Madrid","Coslada, Madrid",TRANSIT,08:00,2026-02-27,16.55,34.5,,,2.0845921450151055
"Estación de Chamartín, Madrid","Alcobendas, Madrid",TRANSIT,23:00,2026-02-27,9.76,36.4,,,3.7295081967213113
"Retiro, Madrid","Getafe, Madrid",TRANSIT,22:00,2026-02-27,14.84,38.0,,,2.560646900269542
"Retiro, Madrid","Leganés, Madrid",TRANSIT,13:00,2026-02-27,16.58,39.0,,,2.3522316043425815
"Retiro, Madrid","Leganés, Madrid",TRANSIT,05:00,2026-02-27,16.26,47.1,,,2.8966789667896675
"Moncloa, Madrid","Las Rozas de Madrid, Madrid",TRANSIT,00:00 (+1d),2026-02-27,22.27,72.8,,,3.268971710821733
"Puerta del Sol, Madrid","Alcorcón, Madrid",TRANSIT,17:00,2026-02-27,17.78,44.2,,,2.485939257592801
"Estación de Atocha, Madrid",Segovia,TRANSIT,10:00,2026-02-27,81.26,78.5,,,0.9660349495446714
"Estación de Chamartín, Madrid","Tres Cantos, Madrid",TRANSIT,23:00,2026-02-27,15.65,32.7,,,2.089456869009585
"Estación de Chamartín, Madrid","San Sebastián, España",TRANSIT,01:00,2026-02-27,549.77,338.5,,,0.6157120250286484
"Estación de Chamartín, Madrid","Colmenar Viejo, Madrid",TRANSIT,04:00,2026-02-27,22.64,33.5,,,1.4796819787985864
"Estación de Atocha, Madrid",Segovia,TRANSIT,20:00,2026-02-27,109.23,123.6,,,1.131557264487778
"Retiro, Madrid","Getafe, Madrid",TRANSIT,18:00,2026-02-27,14.87,40.4,,,2.7168796234028245
"Estación de Atocha, Madrid","Parla, Madrid",TRANSIT,05:00,2026-02-27,21.86,41.4,,,1.8938700823421775
"Retiro, Madrid","Getafe, Madrid",TRANSIT,17:00,2026-02-27,15.68,40.0,,,2.5510204081632653
"Estación de Chamartín, Madrid","Colmenar Viejo, Madrid",TRANSIT,02:00,2026-02-27,27.06,33.5,,,1.237989652623799
"Alcalá de Henares, Madrid","Torrejón de Ardoz, Madrid",TRANSIT,01:00,2026-02-27,10.88,25.8,,,2.3713235294117645
"Estación de Atocha, Madrid",Segovia,TRANSIT,06:00,2026-02-27,80.86,91.0,,,1.1254019292604502
"Moncloa, Madrid","Villanueva de la Cañada, Madrid",TRANSIT,02:00,2026-02-27,44.35,119.8,,,2.701240135287486
"Puerta del Sol, Madrid","Getafe, Madrid",TRANSIT,10:00,2026-02-27,14.43,25.5,,,1.7671517671517671
"Estación de Atocha, Madrid","Aranjuez, Madrid",TRANSIT,03:00,2026-02-27,48.17,48.6,,,1.0089267178741956
"Aranjuez, Madrid","Valdemoro, Madrid",TRANSIT,08:00,2026-02-27,22.39,25.1,,,1.1210361768646717
"Retiro, Madrid","Getafe, Madrid",TRANSIT,07:00,2026-02-27,14.48,37.8,,,2.6104972375690605
"Estación de Chamartín, Madrid","Alcobendas, Madrid",TRANSIT,12:00,2026-02-27,9.76,31.8,,,3.2581967213114758
"Estación de Chamartín, Madrid","Alcobendas, Madrid",TRANSIT,06:00,2026-02-27,9.76,33.7,,,3.4528688524590168
"Estación de Atocha, Madrid","Móstoles, Madrid",TRANSIT,01:00,2026-02-27,27.76,62.3,,,2.244236311239193
"Estación de Atocha, Madrid",Córdoba,TRANSIT,01:00,2026-02-27,344.2,118.1,,,0.3431144683323649
"Estación de Atocha, Madrid",Toledo,TRANSIT,01:00,2026-02-27,68.33,95.3,,,1.3947021805941753
"Estación de Atocha, Madrid",Ávila,TRANSIT,06:00,2026-02-27,128.24,113.2,,,0.8827199001871491
"Estación de Atocha, Madrid",Toledo,TRANSIT,05:00,2026-02-27,83.88,58.4,,,0.6962327134000954
"Estación de Atocha, Madrid","Sevilla, España",TRANSIT,08:00,2026-02-27,471.37,188.0,,,0.39883743131722427
"Retiro, Madrid","Getafe, Madrid",TRANSIT,19:00,2026-02-27,14.87,39.1,,,2.629455279085407
"Moncloa, Madrid","Las Rozas de Madrid, Madrid",TRANSIT,20:00,2026-02-27,17.78,59.8,,,3.3633295838020243
"Puerta del Sol, Madrid","Alcorcón, Madrid",TRANSIT,08:00,2026-02-27,19.3,47.8,,,2.476683937823834
"Estación de Atocha, Madrid","Pinto, Madrid",TRANSIT,22:00,2026-02-27,19.68,46.6,,,2.367886178861789
"Estación de Chamartín, Madrid","San Sebastián, España",TRANSIT,03:00,2026-02-27,578.53,389.1,,,0.6725666776139527
"Aranjuez, Madrid","Ocaña, Toledo",TRANSIT,01:00,2026-02-27,109.55,75.0,,,0.6846188954815153
"Las Rozas de Madrid, Madrid","Majadahonda, Madrid",TRANSIT,08:00,2026-02-27,12.26,31.0,,,2.5285481239804244
"Estación de Atocha, Madrid",Cuenca,TRANSIT,20:00,2026-02-27,211.95,115.2,,,0.5435244161358811
"Moncloa, Madrid","Las Rozas de Madrid, Madrid",TRANSIT,13:00,2026-02-27,24.14,58.8,,,2.4357912178956087
"Gran Vía, Madrid","Estadio Cívitas Metropolitano, Madrid",TRANSIT,21:00,2026-02-27,14.73,46.2,,,3.1364562118126273
"Estación de Atocha, Madrid","Zaragoza, España",TRANSIT,06:00,2026-02-27,306.57,78.0,,,0.2544280262256581
"Estación de Chamartín, Madrid","Bilbao, España",TRANSIT,17:00,2026-02-27,322.43,303.1,,,0.940049002884347
"Estación de Atocha, Madrid",Toledo,TRANSIT,21:00,2026-02-27,69.0,97.7,,,1.4159420289855074
"Estación de Atocha, Madrid","Málaga, España",TRANSIT,01:00,2026-02-27,509.78,195.1,,,0.3827141119698694
"Tres Cantos, Madrid","Alcobendas, Madrid",TRANSIT,22:00,2026-02-27,13.74,42.5,,,3.0931586608442503
"Estación de Atocha, Madrid","Pinto, Madrid",TRANSIT,21:00,2026-02-27,19.98,26.6,,,1.3313313313313313
"Estación de Atocha, Madrid","Sevilla, España",TRANSIT,07:00,2026-02-27,470.86,174.1,,,0.3697489699698424
"Tres Cantos, Madrid","Alcobendas, Madrid",TRANSIT,14:00,2026-02-27,27.97,56.9,,,2.0343224883804076
"Puerta del Sol, Madrid","Leganés, Madrid",TRANSIT,10:00,2026-02-27,17.17,30.9,,,1.7996505532906228
"Puerta del Sol, Madrid","Coslada, Madrid",TRANSIT,13:00,2026-02-27,16.65,36.5,,,2.1921921921921923
"Moncloa, Madrid","Las Rozas de Madrid, Madrid",TRANSIT,15:00,2026-02-27,22.6,58.4,,,2.5840707964601766
"Puerta del Sol, Madrid","Leganés, Madrid",TRANSIT,09:00,2026-02-27,16.77,34.5,,,2.0572450805008944
"Estación de Atocha, Madrid","Fuenlabrada, Madrid",TRANSIT,08:00,2026-02-27,21.62,44.9,,,2.076780758556892
"Puerta del Sol, Madrid","Cuatro Caminos, Madrid",TRANSIT,01:00,2026-02-27,4.45,18.2,,,4.0898876404494375
"Puerta del Sol, Madrid","Coslada, Madrid",TRANSIT,09:00,2026-02-27,16.55,31.5,,,1.903323262839879
"Estación de Atocha, Madrid","Aranjuez, Madrid",TRANSIT,23:00,2026-02-27,52.61,77.3,,,1.4693024139897357
"Estación de Atocha, Madrid","Zaragoza, España",TRANSIT,21:00,2026-02-27,274.62,241.2,,,0.8783045663098099
"Estación de Chamartín, Madrid",Valladolid,TRANSIT,16:00,2026-02-27,179.23,72.5,,,0.40450817385482346
"Nuevos Ministerios, Madrid","Aeropuerto Adolfo Suárez Madrid-Barajas, Madrid",TRANSIT,04:00,2026-02-27,13.14,28.3,,,2.1537290715372905
"Estación de Atocha, Madrid",Segovia,TRANSIT,08:00,2026-02-27,81.9,82.5,,,1.0073260073260073
"Puerta del Sol, Madrid","Coslada, Madrid",TRANSIT,17:00,2026-02-27,16.55,33.5,,,2.02416918429003
"Puerta del Sol, Madrid","Torrejón de Ardoz, Madrid",TRANSIT,23:00,2026-02-27,22.04,55.1,,,2.5
"Puerta del Sol, Madrid","Getafe, Madrid",TRANSIT,23:00,2026-02-27,14.76,31.7,,,2.1476964769647697
"Retiro, Madrid","Getafe, Madrid",TRANSIT,08:00,2026-02-27,14.87,40.7,,,2.73705447209146
"Estación de Atocha, Madrid",Toledo,TRANSIT,13:00,2026-02-27,83.76,53.7,,,0.6411174785100286
"Estación de Atocha, Madrid",Cuenca,TRANSIT,06:00,2026-02-27,212.02,112.2,,,0.529195358928403
"Getafe, Madrid","Leganés, Madrid",TRANSIT,03:00,2026-02-27,9.72,36.0,,,3.7037037037037033
"Estación de Atocha, Madrid",Córdoba,TRANSIT,15:00,2026-02-27,344.21,106.1,,,0.3082420615322042
"Estación de Chamartín, Madrid","Bilbao, España",TRANSIT,19:00,2026-02-27,322.43,278.1,,,0.8625127934745527
"Móstoles, Madrid","Fuenlabrada, Madrid",TRANSIT,01:00,2026-02-27,32.85,68.3,,,2.079147640791476
"Estación de Chamartín, Madrid",Valladolid,TRANSIT,01:00,2026-02-27,179.23,73.5,,,0.41008759694247615
"Estación de Atocha, Madrid",Cuenca,TRANSIT,07:00,2026-02-27,212.01,111.2,,,0.5245035611527759
"Estación de Chamartín, Madrid","Alcobendas, Madrid",TRANSIT,05:00,2026-02-27,9.76,39.7,,,4.067622950819673
"Puerta del Sol, Madrid","Coslada, Madrid",TRANSIT,01:00,2026-02-27,19.46,69.1,,,3.5508735868448094
"Moncloa, Madrid","Villanueva de la Cañada, Madrid",TRANSIT,21:00,2026-02-27,44.45,96.0,,,2.1597300337457814
"Estación de Chamartín, Madrid",Burgos,TRANSIT,08:00,2026-02-27,304.28,107.5,,,0.3532930195872223
"Puerta del Sol, Madrid","Leganés, Madrid",TRANSIT,19:00,2026-02-27,16.67,32.5,,,1.949610077984403
"Puerta del Sol, Madrid","Coslada, Madrid",TRANSIT,14:00,2026-02-27,16.65,34.5,,,2.0720720720720722
"Estación de Chamartín, Madrid",Valladolid,TRANSIT,10:00,2026-02-27,179.23,68.5,,,0.3821904815042125
"Puerta del Sol, Madrid","Aeropuerto Adolfo Suárez Madrid-Barajas, Madrid",TRANSIT,16:00,2026-02-27,15.75,32.6,,,2.06984126984127
"Estación de Chamartín, Madrid","San Sebastián, España",TRANSIT,14:00,2026-02-27,360.46,383.1,,,1.0628086334128615
"Estación de Atocha, Madrid","Barcelona Sants, Barcelona",TRANSIT,19:00,2026-02-27,607.33,184.1,,,0.3031300940180791
"Puerta del Sol, Madrid","Alcorcón, Madrid",TRANSIT,05:00,2026-02-27,17.66,46.9,,,2.6557191392978483
"Estación de Chamartín, Madrid","Alcobendas, Madrid",TRANSIT,02:00,2026-02-27,9.76,34.6,,,3.545081967213115
"Estación de Atocha, Madrid",Toledo,TRANSIT,18:00,2026-02-27,83.88,53.4,,,0.6366237482117311
"Retiro, Madrid","Getafe, Madrid",TRANSIT,05:00,2026-02-27,14.87,39.5,,,2.65635507733692
"Retiro, Madrid","Getafe, Madrid",TRANSIT,00:00 (+1d),2026-02-27,15.87,51.8,,,3.2640201638311277
"Estación de Atocha, Madrid",Ávila,TRANSIT,20:00,2026-02-27,129.29,142.9,,,1.1052672287106506
"Moncloa, Madrid","Boadilla del Monte, Madrid",TRANSIT,02:00,2026-02-27,38.31,110.8,,,2.8921952492821714
"Estación de Atocha, Madrid","Parla, Madrid",TRANSIT,01:00,2026-02-27,22.38,48.8,,,2.1805183199285074
"Estación de Atocha, Madrid","Alcobendas, Madrid",TRANSIT,06:00,2026-02-27,24.9,53.3,,,2.140562248995984
"Estación de Atocha, Madrid","Zaragoza, España",TRANSIT,01:00,2026-02-27,306.53,98.6,,,0.3216650898770104
"Estación de Atocha, Madrid",Segovia,TRANSIT,19:00,2026-02-27,81.6,76.5,,,0.9375000000000001
"Estación de Atocha, Madrid",Toledo,TRANSIT,14:00,2026-02-27,83.88,55.4,,,0.6604673342870768
"Estación de Atocha, Madrid","Alcobendas, Madrid",TRANSIT,07:00,2026-02-27,19.15,46.7,,,2.438642297650131
"Estación de Atocha, Madrid","San Sebastián de los Reyes, Madrid",TRANSIT,08:00,2026-02-27,26.41,58.4,,,2.211283604695191
"Puerta del Sol, Madrid","Aeropuerto Adolfo Suárez Madrid-Barajas, Madrid",TRANSIT,02:00,2026-02-27,15.54,49.5,,,3.1853281853281854
"Estación de Chamartín, Madrid",Burgos,TRANSIT,12:00,2026-02-27,303.96,109.5,,,0.36024476904855907
"Estación de Atocha, Madrid","Málaga, España",TRANSIT,10:00,2026-02-27,536.46,160.1,,,0.29843790776572343
"Moncloa, Madrid","Boadilla del Monte, Madrid",TRANSIT,09:00,2026-02-27,36.47,98.9,,,2.7118179325472993
"Estación de Chamartín, Madrid","San Sebastián, España",TRANSIT,17:00,2026-02-27,447.96,373.1,,,0.8328868648986517
"Estación de Atocha, Madrid","Barcelona Sants, Barcelona",TRANSIT,17:00,2026-02-27,621.07,196.7,,,0.3167114817975429
"Estación de Atocha, Madrid","Zaragoza, España",TRANSIT,00:00 (+1d),2026-02-27,306.89,108.1,,,0.3522434748606993
"Estación de Chamartín, Madrid","San Sebastián, España",TRANSIT,09:00,2026-02-27,514.65,342.1,,,0.6647235985621297
"Estación de Chamartín, Madrid",Valladolid,TRANSIT,07:00,2026-02-27,179.04,61.9,,,0.34573279714030386
"Moncloa, Madrid","Boadilla del Monte, Madrid",TRANSIT,06:00,2026-02-27,38.31,107.2,,,2.798225006525711
"Estación de Atocha, Madrid",Segovia,TRANSIT,15:00,2026-02-27,81.6,83.5,,,1.0232843137254903
"Estación de Atocha, Madrid","Málaga, España",TRANSIT,18:00,2026-02-27,536.46,175.1,,,0.326398985944898
"Estación de Atocha, Madrid","Pinto, Madrid",TRANSIT,04:00,2026-02-27,20.65,26.6,,,1.288135593220339
"Estación de Atocha, Madrid","Málaga, España",TRANSIT,14:00,2026-02-27,536.46,167.1,,,0.3114864109160049
"Puerta del Sol, Madrid","Estación de Chamartín, Madrid",TRANSIT,01:00,2026-02-27,8.06,28.4,,,3.5235732009925553
"Gran Vía, Madrid","Estadio Cívitas Metropolitano, Madrid",TRANSIT,23:00,2026-02-27,14.73,53.7,,,3.645621181262729
"Nuevos Ministerios, Madrid","Aeropuerto Adolfo Suárez Madrid-Barajas, Madrid",TRANSIT,03:00,2026-02-27,15.99,52.4,,,3.2770481550969355
"Estación de Atocha, Madrid","Valencia, España",TRANSIT,07:00,2026-02-27,406.67,138.2,,,0.33983328005508145
"Estación de Chamartín, Madrid",Salamanca,TRANSIT,01:00,2026-02-27,298.92,179.6,,,0.6008296534189749
"Estación de Atocha, Madrid","Aranjuez, Madrid",TRANSIT,20:00,2026-02-27,48.17,58.6,,,1.2165248079717665
"Puerta del Sol, Madrid","Leganés, Madrid",TRANSIT,16:00,2026-02-27,16.67,35.5,,,2.129574085182963
"Estación de Atocha, Madrid",Córdoba,TRANSIT,17:00,2026-02-27,344.26,129.0,,,0.3747167838261779
"Estación de Chamartín, Madrid","Bilbao, España",TRANSIT,13:00,2026-02-27,325.7,280.6,,,0.8615290144304576
"Puerta del Sol, Madrid","Alcorcón, Madrid",TRANSIT,03:00,2026-02-27,21.73,57.3,,,2.6369075011504832
"Estación de Atocha, Madrid","Barcelona Sants, Barcelona",TRANSIT,12:00,2026-02-27,602.48,168.1,,,0.2790134112335679
"Estación de Chamartín, Madrid",Valladolid,TRANSIT,22:00,2026-02-27,189.51,179.2,,,0.9455965384412431
"Tres Cantos, Madrid","Alcobendas, Madrid",TRANSIT,12:00,2026-02-27,14.8,55.0,,,3.7162162162162162
"Tres Cantos, Madrid","Alcobendas, Madrid",TRANSIT,08:00,2026-02-27,28.81,51.0,,,1.7702186740715031
"Estación de Atocha, Madrid","Fuenlabrada, Madrid",TRANSIT,01:00,2026-02-27,19.74,34.4,,,1.7426545086119556
"Estación de Atocha, Madrid","Sevilla, España",TRANSIT,11:00,2026-02-27,470.82,174.8,,,0.3712671509281679
"Estación de Atocha, Madrid","Sevilla, España",TRANSIT,14:00,2026-02-27,470.82,162.6,,,0.3453549127054925
"Puerta del Sol, Madrid","Aeropuerto Adolfo Suárez Madrid-Barajas, Madrid",TRANSIT,10:00,2026-02-27,15.75,34.1,,,2.1650793650793654
"Puerta del Sol, Madrid","Torrejón de Ardoz, Madrid",TRANSIT,06:00,2026-02-27,24.73,42.5,,,1.7185604528912253
"Puerta del Sol, Madrid","Getafe, Madrid",TRANSIT,00:00 (+1d),2026-02-27,14.42,36.0,,,2.4965325936199725
"Estación de Atocha, Madrid","San Sebastián de los Reyes, Madrid",TRANSIT,19:00,2026-02-27,26.41,63.9,,,2.4195380537675124
"Estación de Atocha, Madrid","San Sebastián de los Reyes, Madrid",TRANSIT,00:00 (+1d),2026-02-27,29.32,95.5,,,3.257162346521146
"Tres Cantos, Madrid","Alcobendas, Madrid",TRANSIT,19:00,2026-02-27,28.81,43.7,,,1.5168344324887193
"Aranjuez, Madrid","Ocaña, Toledo",TRANSIT,08:00,2026-02-27,12.18,20.0,,,1.6420361247947455
"Estación de Atocha, Madrid","Valencia, España",TRANSIT,22:00,2026-02-27,407.01,151.2,,,0.3714896439890912
"Puerta del Sol, Madrid","Leganés, Madrid",TRANSIT,22:00,2026-02-27,16.64,32.5,,,1.953125
"Estación de Chamartín, Madrid","Alcobendas, Madrid",TRANSIT,07:00,2026-02-27,13.63,37.0,,,2.714600146735143
"Estación de Atocha, Madrid","Barcelona Sants, Barcelona",TRANSIT,18:00,2026-02-27,625.94,210.6,,,0.3364539732242707
"Estación de Atocha, Madrid","San Sebastián de los Reyes, Madrid",TRANSIT,20:00,2026-02-27,27.9,79.6,,,2.8530465949820787
"Estación de Atocha, Madrid","Parla, Madrid",TRANSIT,02:00,2026-02-27,23.17,36.2,,,1.56236512731981
"Estación de Chamartín, Madrid",Salamanca,TRANSIT,18:00,2026-02-27,232.6,192.2,,,0.8263112639724849
"Moncloa, Madrid","Villanueva de la Cañada, Madrid",TRANSIT,22:00,2026-02-27,44.35,114.9,,,2.5907553551296507
"Moncloa, Madrid","Villanueva de la Cañada, Madrid",TRANSIT,09:00,2026-02-27,44.48,109.5,,,2.4617805755395685
"Moncloa, Madrid","Boadilla del Monte, Madrid",TRANSIT,01:00,2026-02-27,30.3,90.2,,,2.9768976897689767
"Estación de Chamartín, Madrid",Burgos,TRANSIT,11:00,2026-02-27,215.35,208.2,,,0.9667982354306942
"Estación de Atocha, Madrid","Málaga, España",TRANSIT,17:00,2026-02-27,509.77,195.1,,,0.3827216195539165
"Moncloa, Madrid","Las Rozas de Madrid, Madrid",TRANSIT,06:00,2026-02-27,22.37,63.6,,,2.8430934286991505
"Retiro, Madrid","Getafe, Madrid",TRANSIT,10:00,2026-02-27,14.87,39.4,,,2.6496301277740417
"Moncloa, Madrid","Boadilla del Monte, Madrid",TRANSIT,07:00,2026-02-27,36.47,97.2,,,2.6652042774883467
"Estación de Atocha, Madrid","Barcelona Sants, Barcelona",TRANSIT,14:00,2026-02-27,621.07,195.7,,,0.31510135733492195
"Estación de Chamartín, Madrid","San Sebastián, España",TRANSIT,15:00,2026-02-27,549.77,323.5,,,0.5884278880259017
"Puerta del Sol, Madrid","Coslada, Madrid",TRANSIT,19:00,2026-02-27,16.55,32.5,,,1.9637462235649545
"Estación de Chamartín, Madrid","San Sebastián, España",TRANSIT,12:00,2026-02-27,549.77,308.5,,,0.5611437510231552
"Moncloa, Madrid","Villanueva de la Cañada, Madrid",TRANSIT,11:00,2026-02-27,40.85,90.7,,,2.2203182374541
"Estación de Atocha, Madrid","Alcobendas, Madrid",TRANSIT,05:00,2026-02-27,23.85,54.6,,,2.289308176100629
"Puerta del Sol, Madrid","Aeropuerto Adolfo Suárez Madrid-Barajas, Madrid",TRANSIT,04:00,2026-02-27,15.54,46.9,,,3.0180180180180183
"Estación de Atocha, Madrid","San Sebastián de los Reyes, Madrid",TRANSIT,14:00,2026-02-27,24.25,62.5,,,2.577319587628866
"Estación de Atocha, Madrid","San Sebastián de los Reyes, Madrid",TRANSIT,03:00,2026-02-27,26.41,69.4,,,2.6277925028398337
"Estación de Atocha, Madrid","Zaragoza, España",TRANSIT,17:00,2026-02-27,306.89,100.1,,,0.3261755026230897
"Puerta del Sol, Madrid","Alcorcón, Madrid",TRANSIT,12:00,2026-02-27,17.47,44.7,,,2.558672009158558
"Estación de Atocha, Madrid","Alcalá de Henares, Madrid",TRANSIT,08:00,2026-02-27,33.21,42.2,,,1.270701595904848
"Estación de Atocha, Madrid","San Sebastián de los Reyes, Madrid",TRANSIT,18:00,2026-02-27,24.25,61.1,,,2.5195876288659793
"Tres Cantos, Madrid","Alcobendas, Madrid",TRANSIT,04:00,2026-02-27,14.02,38.4,,,2.738944365192582
"Moncloa, Madrid","Pozuelo de Alarcón, Madrid",TRANSIT,01:00,2026-02-27,34.26,85.8,,,2.504378283712785
"Móstoles, Madrid","Alcorcón, Madrid",TRANSIT,02:00,2026-02-27,8.01,27.1,,,3.3832709113607993
"Estación de Chamartín, Madrid","Tres Cantos, Madrid",TRANSIT,04:00,2026-02-27,15.34,24.5,,,1.5971316818774446
"Tres Cantos, Madrid","Alcobendas, Madrid",TRANSIT,09:00,2026-02-27,28.81,42.5,,,1.4751822283929192
"Estación de Atocha, Madrid","Málaga, España",TRANSIT,16:00,2026-02-27,536.46,164.1,,,0.30589419528017
"Retiro, Madrid","Getafe, Madrid",TRANSIT,04:00,2026-02-27,15.35,39.8,,,2.592833876221498
