origen,destino,modo_transporte,hora_salida,fecha_consulta,distancia_km,duracion_sin_trafico_min,duracion_con_trafico_min,diferencia_trafico_min
"Puerta del Sol, Madrid","Aeropuerto Adolfo Suárez Madrid-Barajas, Madrid",DRIVE,16:00,2026-02-27,20.96,25.8,27.2,1.4
"Puerta del Sol, Madrid","Estación de Atocha, Madrid",DRIVE,16:00,2026-02-27,3.71,15.1,15.2,0.1
"Puerta del Sol, Madrid","Estación de Chamartín, Madrid",DRIVE,16:00,2026-02-27,18.03,27.1,28.4,1.3
"Puerta del Sol, Madrid","Plaza de Castilla, Madrid",DRIVE,16:00,2026-02-27,12.59,26.6,25.2,-1.4
"Puerta del Sol, Madrid","Vallecas, Madrid",DRIVE,16:00,2026-02-27,18.78,22.6,23.9,1.3
"Puerta del Sol, Madrid","Moncloa, Madrid",DRIVE,16:00,2026-02-27,11.92,20.5,20.2,-0.3
"Puerta del Sol, Madrid","Cuatro Caminos, Madrid",DRIVE,16:00,2026-02-27,6.51,21.9,22.9,1.0
"Gran Vía, Madrid","Estadio Santiago Bernabéu, Madrid",DRIVE,16:00,2026-02-27,4.2,11.9,12.2,0.3
"Gran Vía, Madrid","Estadio Cívitas Metropolitano, Madrid",DRIVE,16:00,2026-02-27,10.39,12.8,13.4,0.6
"Nuevos Ministerios, Madrid","Aeropuerto Adolfo Suárez Madrid-Barajas, Madrid",DRIVE,16:00,2026-02-27,12.54,16.0,16.7,0.7
"Nuevos Ministerios, Madrid","Estación de Atocha, Madrid",DRIVE,16:00,2026-02-27,5.83,17.7,19.4,1.7
"Retiro, Madrid","Ciudad Universitaria, Madrid",DRIVE,16:00,2026-02-27,8.78,22.4,21.9,-0.5
"Retiro, Madrid","Leganés, Madrid",DRIVE,16:00,2026-02-27,14.27,23.3,25.2,1.9
"Retiro, Madrid","Getafe, Madrid",DRIVE,16:00,2026-02-27,14.99,25.4,26.8,1.4
"Estación de Atocha, Madrid","Alcalá de Henares, Madrid",DRIVE,16:00,2026-02-27,33.74,31.6,31.9,0.3
"Estación de Atocha, Madrid","Aranjuez, Madrid",DRIVE,16:00,2026-02-27,47.89,43.0,45.6,2.6
"Estación de Atocha, Madrid","Alcobendas, Madrid",DRIVE,16:00,2026-02-27,18.7,19.5,19.1,-0.4
"Estación de Atocha, Madrid","San Sebastián de los Reyes, Madrid",DRIVE,16:00,2026-02-27,25.2,27.3,27.1,-0.2
"Estación de Atocha, Madrid","Móstoles, Madrid",DRIVE,16:00,2026-02-27,25.18,30.6,33.7,3.1
"Estación de Atocha, Madrid","Fuenlabrada, Madrid",DRIVE,16:00,2026-02-27,22.96,27.1,29.8,2.7
"Estación de Atocha, Madrid","Parla, Madrid",DRIVE,16:00,2026-02-27,24.36,29.1,30.9,1.8
"Estación de Atocha, Madrid","Pinto, Madrid",DRIVE,16:00,2026-02-27,23.85,23.6,26.2,2.6
"Estación de Chamartín, Madrid","Tres Cantos, Madrid",DRIVE,16:00,2026-02-27,16.68,17.7,17.8,0.1
"Estación de Chamartín, Madrid","Colmenar Viejo, Madrid",DRIVE,16:00,2026-02-27,26.62,27.8,29.9,2.1
"Estación de Chamartín, Madrid","Alcobendas, Madrid",DRIVE,16:00,2026-02-27,9.54,11.8,12.4,0.6
"Moncloa, Madrid","Las Rozas de Madrid, Madrid",DRIVE,16:00,2026-02-27,17.9,15.8,17.8,2.0
"Moncloa, Madrid","Majadahonda, Madrid",DRIVE,16:00,2026-02-27,18.27,16.4,18.1,1.7
"Moncloa, Madrid","Pozuelo de Alarcón, Madrid",DRIVE,16:00,2026-02-27,10.63,13.0,13.1,0.1
"Moncloa, Madrid","Boadilla del Monte, Madrid",DRIVE,16:00,2026-02-27,20.84,19.4,21.5,2.1
"Moncloa, Madrid","Villanueva de la Cañada, Madrid",DRIVE,16:00,2026-02-27,34.15,29.0,31.0,2.0
"Puerta del Sol, Madrid","Alcorcón, Madrid",DRIVE,16:00,2026-02-27,15.35,25.0,28.4,3.4
"Puerta del Sol, Madrid","Leganés, Madrid",DRIVE,16:00,2026-02-27,13.68,24.1,25.6,1.5
"Puerta del Sol, Madrid","Getafe, Madrid",DRIVE,16:00,2026-02-27,14.4,26.2,26.8,0.6
"Puerta del Sol, Madrid","Torrejón de Ardoz, Madrid",DRIVE,16:00,2026-02-27,30.81,36.5,35.7,-0.8
"Puerta del Sol, Madrid","Coslada, Madrid",DRIVE,16:00,2026-02-27,20.72,28.7,28.8,0.1
"Estación de Atocha, Madrid",Toledo,DRIVE,16:00,2026-02-27,73.34,57.2,61.3,4.1
"Estación de Atocha, Madrid",Segovia,DRIVE,16:00,2026-02-27,99.76,74.5,76.6,2.1
"Estación de Atocha, Madrid",Ávila,DRIVE,16:00,2026-02-27,117.1,82.4,83.1,0.7
"Estación de Atocha, Madrid",Cuenca,DRIVE,16:00,2026-02-27,164.27,98.5,102.0,3.5
"Estación de Chamartín, Madrid",Valladolid,DRIVE,16:00,2026-02-27,208.61,133.7,139.8,6.1
"Estación de Chamartín, Madrid",Burgos,DRIVE,16:00,2026-02-27,234.65,140.0,144.4,4.4
"Estación de Chamartín, Madrid",Salamanca,DRIVE,16:00,2026-02-27,214.75,133.4,139.8,6.4
"Estación de Atocha, Madrid",Córdoba,DRIVE,16:00,2026-02-27,392.87,238.5,242.2,3.7
"Estación de Atocha, Madrid",Ciudad Real,DRIVE,16:00,2026-02-27,190.37,134.3,148.6,14.3
"Estación de Atocha, Madrid","Barcelona Sants, Barcelona",DRIVE,16:00,2026-02-27,613.8,366.8,358.0,-8.8
"Estación de Atocha, Madrid","Valencia, España",DRIVE,16:00,2026-02-27,355.0,215.0,216.3,1.3
"Estación de Atocha, Madrid","Sevilla, España",DRIVE,16:00,2026-02-27,534.39,307.4,304.1,-3.3
"Estación de Atocha, Madrid","Zaragoza, España",DRIVE,16:00,2026-02-27,314.08,193.5,193.7,0.2
"Estación de Atocha, Madrid","Málaga, España",DRIVE,16:00,2026-02-27,533.33,316.2,317.2,1.0
"Estación de Chamartín, Madrid","Bilbao, España",DRIVE,16:00,2026-02-27,387.98,233.3,233.9,0.6
"Estación de Chamartín, Madrid","San Sebastián, España",DRIVE,16:00,2026-02-27,442.83,268.6,269.8,1.2
"Alcalá de Henares, Madrid","Torrejón de Ardoz, Madrid",DRIVE,16:00,2026-02-27,14.38,18.7,19.6,0.9
"Móstoles, Madrid","Alcorcón, Madrid",DRIVE,16:00,2026-02-27,8.93,15.5,17.7,2.2
"Móstoles, Madrid","Leganés, Madrid",DRIVE,16:00,2026-02-27,11.77,22.1,22.6,0.5
"Móstoles, Madrid","Fuenlabrada, Madrid",DRIVE,16:00,2026-02-27,9.98,18.0,19.0,1.0
"Getafe, Madrid","Parla, Madrid",DRIVE,16:00,2026-02-27,10.84,15.5,17.4,1.9
"Getafe, Madrid","Leganés, Madrid",DRIVE,16:00,2026-02-27,4.77,12.6,13.6,1.0
"Las Rozas de Madrid, Madrid","Majadahonda, Madrid",DRIVE,16:00,2026-02-27,3.12,7.1,6.1,-1.0
"Tres Cantos, Madrid","Alcobendas, Madrid",DRIVE,16:00,2026-02-27,17.22,15.6,16.0,0.4
"Aranjuez, Madrid","Valdemoro, Madrid",DRIVE,16:00,2026-02-27,22.01,21.4,21.4,0.0
"Aranjuez, Madrid","Ocaña, Toledo",DRIVE,16:00,2026-02-27,16.03,17.0,16.8,-0.2
"Puerta del Sol, Madrid","Aeropuerto Adolfo Suárez Madrid-Barajas, Madrid",TRANSIT,16:00,2026-02-27,15.75,32.6,,
"Puerta del Sol, Madrid","Estación de Atocha, Madrid",TRANSIT,16:00,2026-02-27,2.49,11.2,,
"Puerta del Sol, Madrid","Estación de Chamartín, Madrid",TRANSIT,16:00,2026-02-27,7.19,21.9,,
"Puerta del Sol, Madrid","Plaza de Castilla, Madrid",TRANSIT,16:00,2026-02-27,6.48,22.4,,
"Puerta del Sol, Madrid","Vallecas, Madrid",TRANSIT,16:00,2026-02-27,11.23,40.0,,
"Puerta del Sol, Madrid","Moncloa, Madrid",TRANSIT,16:00,2026-02-27,10.55,62.5,,
"Puerta del Sol, Madrid","Cuatro Caminos, Madrid",TRANSIT,16:00,2026-02-27,4.45,18.2,,
"Gran Vía, Madrid","Estadio Santiago Bernabéu, Madrid",TRANSIT,16:00,2026-02-27,4.56,27.5,,
"Gran Vía, Madrid","Estadio Cívitas Metropolitano, Madrid",TRANSIT,16:00,2026-02-27,14.73,45.2,,
"Nuevos Ministerios, Madrid","Aeropuerto Adolfo Suárez Madrid-Barajas, Madrid",TRANSIT,16:00,2026-02-27,12.29,20.7,,
"Nuevos Ministerios, Madrid","Estación de Atocha, Madrid",TRANSIT,16:00,2026-02-27,5.48,17.6,,
"Retiro, Madrid","Ciudad Universitaria, Madrid",TRANSIT,16:00,2026-02-27,7.69,42.6,,
"Retiro, Madrid","Leganés, Madrid",TRANSIT,16:00,2026-02-27,16.96,40.6,,
"Retiro, Madrid","Getafe, Madrid",TRANSIT,16:00,2026-02-27,15.68,39.4,,
"Estación de Atocha, Madrid","Alcalá de Henares, Madrid",TRANSIT,16:00,2026-02-27,33.21,42.2,,
"Estación de Atocha, Madrid","Aranjuez, Madrid",TRANSIT,16:00,2026-02-27,48.17,48.6,,
"Estación de Atocha, Madrid","Alcobendas, Madrid",TRANSIT,16:00,2026-02-27,24.9,54.3,,
"Estación de Atocha, Madrid","San Sebastián de los Reyes, Madrid",TRANSIT,16:00,2026-02-27,24.25,62.6,,
"Estación de Atocha, Madrid","Móstoles, Madrid",TRANSIT,16:00,2026-02-27,19.76,38.5,,
"Estación de Atocha, Madrid","Fuenlabrada, Madrid",TRANSIT,16:00,2026-02-27,21.62,45.9,,
"Estación de Atocha, Madrid","Parla, Madrid",TRANSIT,16:00,2026-02-27,21.86,41.4,,
"Estación de Atocha, Madrid","Pinto, Madrid",TRANSIT,16:00,2026-02-27,20.65,26.6,,
"Estación de Chamartín, Madrid","Tres Cantos, Madrid",TRANSIT,16:00,2026-02-27,15.34,24.5,,
"Estación de Chamartín, Madrid","Colmenar Viejo, Madrid",TRANSIT,16:00,2026-02-27,22.64,33.5,,
"Estación de Chamartín, Madrid","Alcobendas, Madrid",TRANSIT,16:00,2026-02-27,13.63,37.0,,
"Moncloa, Madrid","Las Rozas de Madrid, Madrid",TRANSIT,16:00,2026-02-27,22.68,65.6,,
"Moncloa, Madrid","Majadahonda, Madrid",TRANSIT,16:00,2026-02-27,14.83,78.6,,
"Moncloa, Madrid","Pozuelo de Alarcón, Madrid",TRANSIT,16:00,2026-02-27,5.91,48.2,,
"Moncloa, Madrid","Boadilla del Monte, Madrid",TRANSIT,16:00,2026-02-27,36.47,99.1,,
"Moncloa, Madrid","Villanueva de la Cañada, Madrid",TRANSIT,16:00,2026-02-27,44.4,94.2,,
"Puerta del Sol, Madrid","Alcorcón, Madrid",TRANSIT,16:00,2026-02-27,15.82,40.9,,
"Puerta del Sol, Madrid","Leganés, Madrid",TRANSIT,16:00,2026-02-27,16.67,35.5,,
"Puerta del Sol, Madrid","Getafe, Madrid",TRANSIT,16:00,2026-02-27,14.43,25.5,,
"Puerta del Sol, Madrid","Torrejón de Ardoz, Madrid",TRANSIT,16:00,2026-02-27,24.63,43.5,,
"Puerta del Sol, Madrid","Coslada, Madrid",TRANSIT,16:00,2026-02-27,16.55,34.5,,
"Estación de Atocha, Madrid",Toledo,TRANSIT,16:00,2026-02-27,83.76,51.7,,
"Estación de Atocha, Madrid",Segovia,TRANSIT,16:00,2026-02-27,81.26,81.5,,
"Estación de Atocha, Madrid",Ávila,TRANSIT,16:00,2026-02-27,128.24,129.2,,
"Estación de Atocha, Madrid",Cuenca,TRANSIT,16:00,2026-02-27,196.47,108.1,,
"Estación de Chamartín, Madrid",Valladolid,TRANSIT,16:00,2026-02-27,179.23,72.5,,
"Estación de Chamartín, Madrid",Burgos,TRANSIT,16:00,2026-02-27,303.97,120.5,,
"Estación de Chamartín, Madrid",Salamanca,TRANSIT,16:00,2026-02-27,243.31,149.5,,
"Estación de Atocha, Madrid",Córdoba,TRANSIT,16:00,2026-02-27,344.21,107.1,,
"Estación de Atocha, Madrid",Ciudad Real,TRANSIT,16:00,2026-02-27,171.32,63.0,,
"Estación de Atocha, Madrid","Barcelona Sants, Barcelona",TRANSIT,16:00,2026-02-27,602.48,168.1,,
"Estación de Atocha, Madrid","Valencia, España",TRANSIT,16:00,2026-02-27,406.67,139.2,,
"Estación de Atocha, Madrid","Sevilla, España",TRANSIT,16:00,2026-02-27,470.86,178.1,,
"Estación de Atocha, Madrid","Zaragoza, España",TRANSIT,16:00,2026-02-27,306.53,98.6,,
"Estación de Atocha, Madrid","Málaga, España",TRANSIT,16:00,2026-02-27,536.46,164.1,,
"Estación de Chamartín, Madrid","Bilbao, España",TRANSIT,16:00,2026-02-27,483.63,299.5,,
"Estación de Chamartín, Madrid","San Sebastián, España",TRANSIT,16:00,2026-02-27,549.77,323.5,,
"Alcalá de Henares, Madrid","Torrejón de Ardoz, Madrid",TRANSIT,16:00,2026-02-27,10.37,9.0,,
"Móstoles, Madrid","Alcorcón, Madrid",TRANSIT,16:00,2026-02-27,8.38,23.7,,
"Móstoles, Madrid","Leganés, Madrid",TRANSIT,16:00,2026-02-27,13.27,26.2,,
"Móstoles, Madrid","Fuenlabrada, Madrid",TRANSIT,16:00,2026-02-27,10.65,46.2,,
"Getafe, Madrid","Parla, Madrid",TRANSIT,16:00,2026-02-27,9.03,20.8,,
"Getafe, Madrid","Leganés, Madrid",TRANSIT,16:00,2026-02-27,10.91,16.1,,
"Las Rozas de Madrid, Madrid","Majadahonda, Madrid",TRANSIT,16:00,2026-02-27,12.26,31.0,,
"Tres Cantos, Madrid","Alcobendas, Madrid",TRANSIT,16:00,2026-02-27,28.81,43.3,,
"Aranjuez, Madrid","Valdemoro, Madrid",TRANSIT,16:00,2026-02-27,21.05,31.0,,
"Aranjuez, Madrid","Ocaña, Toledo",TRANSIT,16:00,2026-02-27,16.96,15.0,,
"Puerta del Sol, Madrid","Aeropuerto Adolfo Suárez Madrid-Barajas, Madrid",DRIVE,17:00,2026-02-27,20.96,25.8,28.1,2.3
"Puerta del Sol, Madrid","Estación de Atocha, Madrid",DRIVE,17:00,2026-02-27,3.71,15.1,16.1,1.0
"Puerta del Sol, Madrid","Estación de Chamartín, Madrid",DRIVE,17:00,2026-02-27,18.03,27.1,29.2,2.1
"Puerta del Sol, Madrid","Plaza de Castilla, Madrid",DRIVE,17:00,2026-02-27,12.59,26.6,26.2,-0.4
"Puerta del Sol, Madrid","Vallecas, Madrid",DRIVE,17:00,2026-02-27,18.78,22.6,24.8,2.2
"Puerta del Sol, Madrid","Moncloa, Madrid",DRIVE,17:00,2026-02-27,11.92,20.5,20.9,0.4
"Puerta del Sol, Madrid","Cuatro Caminos, Madrid",DRIVE,17:00,2026-02-27,6.51,21.9,23.5,1.6
"Gran Vía, Madrid","Estadio Santiago Bernabéu, Madrid",DRIVE,17:00,2026-02-27,4.2,11.9,12.0,0.1
"Gran Vía, Madrid","Estadio Cívitas Metropolitano, Madrid",DRIVE,17:00,2026-02-27,10.39,12.8,13.6,0.8
"Nuevos Ministerios, Madrid","Aeropuerto Adolfo Suárez Madrid-Barajas, Madrid",DRIVE,17:00,2026-02-27,12.54,16.0,17.7,1.7
"Nuevos Ministerios, Madrid","Estación de Atocha, Madrid",DRIVE,17:00,2026-02-27,5.83,17.7,20.7,3.0
"Retiro, Madrid","Ciudad Universitaria, Madrid",DRIVE,17:00,2026-02-27,8.78,22.4,22.5,0.1
"Retiro, Madrid","Leganés, Madrid",DRIVE,17:00,2026-02-27,14.27,23.3,26.3,3.0
"Retiro, Madrid","Getafe, Madrid",DRIVE,17:00,2026-02-27,14.99,25.4,27.5,2.1
"Estación de Atocha, Madrid","Alcalá de Henares, Madrid",DRIVE,17:00,2026-02-27,33.74,31.6,33.1,1.5
"Estación de Atocha, Madrid","Aranjuez, Madrid",DRIVE,17:00,2026-02-27,47.89,43.0,46.2,3.2
"Estación de Atocha, Madrid","Alcobendas, Madrid",DRIVE,17:00,2026-02-27,18.7,19.5,19.6,0.1
"Estación de Atocha, Madrid","San Sebastián de los Reyes, Madrid",DRIVE,17:00,2026-02-27,25.2,27.3,28.1,0.8
"Estación de Atocha, Madrid","Móstoles, Madrid",DRIVE,17:00,2026-02-27,25.18,30.6,34.3,3.7
"Estación de Atocha, Madrid","Fuenlabrada, Madrid",DRIVE,17:00,2026-02-27,22.96,27.1,30.2,3.1
"Estación de Atocha, Madrid","Parla, Madrid",DRIVE,17:00,2026-02-27,24.36,29.1,31.6,2.5
"Estación de Atocha, Madrid","Pinto, Madrid",DRIVE,17:00,2026-02-27,23.85,23.6,26.5,2.9
"Estación de Chamartín, Madrid","Tres Cantos, Madrid",DRIVE,17:00,2026-02-27,16.68,17.7,18.1,0.4
"Estación de Chamartín, Madrid","Colmenar Viejo, Madrid",DRIVE,17:00,2026-02-27,26.62,27.8,31.3,3.5
"Estación de Chamartín, Madrid","Alcobendas, Madrid",DRIVE,17:00,2026-02-27,9.54,11.8,12.7,0.9
"Moncloa, Madrid","Las Rozas de Madrid, Madrid",DRIVE,17:00,2026-02-27,17.9,15.8,18.7,2.9
"Moncloa, Madrid","Majadahonda, Madrid",DRIVE,17:00,2026-02-27,18.27,16.4,19.0,2.6
"Moncloa, Madrid","Pozuelo de Alarcón, Madrid",DRIVE,17:00,2026-02-27,10.63,13.0,13.3,0.3
"Moncloa, Madrid","Boadilla del Monte, Madrid",DRIVE,17:00,2026-02-27,20.84,19.4,20.6,1.2
"Moncloa, Madrid","Villanueva de la Cañada, Madrid",DRIVE,17:00,2026-02-27,34.15,29.0,30.3,1.3
"Puerta del Sol, Madrid","Alcorcón, Madrid",DRIVE,17:00,2026-02-27,15.35,25.0,29.6,4.6
"Puerta del Sol, Madrid","Leganés, Madrid",DRIVE,17:00,2026-02-27,13.68,24.1,27.1,3.0
"Puerta del Sol, Madrid","Getafe, Madrid",DRIVE,17:00,2026-02-27,14.4,26.2,28.4,2.2
"Puerta del Sol, Madrid","Torrejón de Ardoz, Madrid",DRIVE,17:00,2026-02-27,30.81,36.5,37.4,0.9
"Puerta del Sol, Madrid","Coslada, Madrid",DRIVE,17:00,2026-02-27,20.72,28.7,29.9,1.2
"Estación de Atocha, Madrid",Toledo,DRIVE,17:00,2026-02-27,73.34,57.2,62.4,5.2
"Estación de Atocha, Madrid",Segovia,DRIVE,17:00,2026-02-27,99.76,74.5,78.3,3.8
"Estación de Atocha, Madrid",Ávila,DRIVE,17:00,2026-02-27,117.1,82.4,83.2,0.8
"Estación de Atocha, Madrid",Cuenca,DRIVE,17:00,2026-02-27,164.27,98.5,103.4,4.9
"Estación de Chamartín, Madrid",Valladolid,DRIVE,17:00,2026-02-27,208.61,133.7,140.3,6.6
"Estación de Chamartín, Madrid",Burgos,DRIVE,17:00,2026-02-27,234.65,140.0,145.9,5.9
"Estación de Chamartín, Madrid",Salamanca,DRIVE,17:00,2026-02-27,214.75,133.4,141.8,8.4
"Estación de Atocha, Madrid",Córdoba,DRIVE,17:00,2026-02-27,392.87,238.5,239.4,0.9
"Estación de Atocha, Madrid",Ciudad Real,DRIVE,17:00,2026-02-27,190.37,134.3,147.8,13.5
"Estación de Atocha, Madrid","Barcelona Sants, Barcelona",DRIVE,17:00,2026-02-27,613.8,366.8,359.3,-7.5
"Estación de Atocha, Madrid","Valencia, España",DRIVE,17:00,2026-02-27,355.0,215.0,211.8,-3.2
"Estación de Atocha, Madrid","Sevilla, España",DRIVE,17:00,2026-02-27,534.39,307.4,304.3,-3.1
"Estación de Atocha, Madrid","Zaragoza, España",DRIVE,17:00,2026-02-27,314.08,193.5,191.9,-1.6
"Estación de Atocha, Madrid","Málaga, España",DRIVE,17:00,2026-02-27,533.33,316.2,315.2,-1.0
"Estación de Chamartín, Madrid","Bilbao, España",DRIVE,17:00,2026-02-27,387.98,233.3,236.2,2.9
"Estación de Chamartín, Madrid","San Sebastián, España",DRIVE,17:00,2026-02-27,442.83,268.6,271.9,3.3
"Alcalá de Henares, Madrid","Torrejón de Ardoz, Madrid",DRIVE,17:00,2026-02-27,14.38,18.7,22.1,3.4
"Móstoles, Madrid","Alcorcón, Madrid",DRIVE,17:00,2026-02-27,8.93,15.5,18.9,3.4
"Móstoles, Madrid","Leganés, Madrid",DRIVE,17:00,2026-02-27,11.77,22.1,23.9,1.8
"Móstoles, Madrid","Fuenlabrada, Madrid",DRIVE,17:00,2026-02-27,9.98,18.0,19.5,1.5
"Getafe, Madrid","Parla, Madrid",DRIVE,17:00,2026-02-27,10.84,15.5,17.8,2.3
"Getafe, Madrid","Leganés, Madrid",DRIVE,17:00,2026-02-27,4.77,12.6,14.0,1.4
"Las Rozas de Madrid, Madrid","Majadahonda, Madrid",DRIVE,17:00,2026-02-27,3.12,7.1,6.4,-0.7
"Tres Cantos, Madrid","Alcobendas, Madrid",DRIVE,17:00,2026-02-27,17.22,15.6,16.4,0.8
"Aranjuez, Madrid","Valdemoro, Madrid",DRIVE,17:00,2026-02-27,22.01,21.4,22.1,0.7
"Aranjuez, Madrid","Ocaña, Toledo",DRIVE,17:00,2026-02-27,16.03,17.0,17.5,0.5
"Puerta del Sol, Madrid","Aeropuerto Adolfo Suárez Madrid-Barajas, Madrid",TRANSIT,17:00,2026-02-27,15.7,32.1,,
"Puerta del Sol, Madrid","Estación de Atocha, Madrid",TRANSIT,17:00,2026-02-27,2.21,11.6,,
"Puerta del Sol, Madrid","Estación de Chamartín, Madrid",TRANSIT,17:00,2026-02-27,6.93,22.9,,
"Puerta del Sol, Madrid","Plaza de Castilla, Madrid",TRANSIT,17:00,2026-02-27,6.48,22.4,,
"Puerta del Sol, Madrid","Vallecas, Madrid",TRANSIT,17:00,2026-02-27,11.23,40.0,,
"Puerta del Sol, Madrid","Moncloa, Madrid",TRANSIT,17:00,2026-02-27,10.48,62.0,,
"Puerta del Sol, Madrid","Cuatro Caminos, Madrid",TRANSIT,17:00,2026-02-27,4.45,18.2,,
"Gran Vía, Madrid","Estadio Santiago Bernabéu, Madrid",TRANSIT,17:00,2026-02-27,4.56,27.5,,
"Gran Vía, Madrid","Estadio Cívitas Metropolitano, Madrid",TRANSIT,17:00,2026-02-27,14.73,45.2,,
"Nuevos Ministerios, Madrid","Aeropuerto Adolfo Suárez Madrid-Barajas, Madrid",TRANSIT,17:00,2026-02-27,12.29,20.7,,
"Nuevos Ministerios, Madrid","Estación de Atocha, Madrid",TRANSIT,17:00,2026-02-27,5.48,17.6,,
"Retiro, Madrid","Ciudad Universitaria, Madrid",TRANSIT,17:00,2026-02-27,8.04,49.9,,
"Retiro, Madrid","Leganés, Madrid",TRANSIT,17:00,2026-02-27,16.94,43.0,,
"Retiro, Madrid","Getafe, Madrid",TRANSIT,17:00,2026-02-27,15.68,40.0,,
"Estación de Atocha, Madrid","Alcalá de Henares, Madrid",TRANSIT,17:00,2026-02-27,33.21,42.2,,
"Estación de Atocha, Madrid","Aranjuez, Madrid",TRANSIT,17:00,2026-02-27,48.17,48.6,,
"Estación de Atocha, Madrid","Alcobendas, Madrid",TRANSIT,17:00,2026-02-27,24.9,50.3,,
"Estación de Atocha, Madrid","San Sebastián de los Reyes, Madrid",TRANSIT,17:00,2026-02-27,24.25,61.5,,
"Estación de Atocha, Madrid","Móstoles, Madrid",TRANSIT,17:00,2026-02-27,19.76,38.5,,
"Estación de Atocha, Madrid","Fuenlabrada, Madrid",TRANSIT,17:00,2026-02-27,21.62,44.9,,
"Estación de Atocha, Madrid","Parla, Madrid",TRANSIT,17:00,2026-02-27,21.86,41.4,,
"Estación de Atocha, Madrid","Pinto, Madrid",TRANSIT,17:00,2026-02-27,20.65,26.6,,
"Estación de Chamartín, Madrid","Tres Cantos, Madrid",TRANSIT,17:00,2026-02-27,15.34,24.5,,
"Estación de Chamartín, Madrid","Colmenar Viejo, Madrid",TRANSIT,17:00,2026-02-27,22.64,33.5,,
"Estación de Chamartín, Madrid","Alcobendas, Madrid",TRANSIT,17:00,2026-02-27,13.63,37.0,,
"Moncloa, Madrid","Las Rozas de Madrid, Madrid",TRANSIT,17:00,2026-02-27,17.78,64.3,,
"Moncloa, Madrid","Majadahonda, Madrid",TRANSIT,17:00,2026-02-27,18.44,81.3,,
"Moncloa, Madrid","Pozuelo de Alarcón, Madrid",TRANSIT,17:00,2026-02-27,5.91,48.2,,
"Moncloa, Madrid","Boadilla del Monte, Madrid",TRANSIT,17:00,2026-02-27,36.47,99.1,,
"Moncloa, Madrid","Villanueva de la Cañada, Madrid",TRANSIT,17:00,2026-02-27,42.2,95.8,,
"Puerta del Sol, Madrid","Alcorcón, Madrid",TRANSIT,17:00,2026-02-27,17.78,44.2,,
"Puerta del Sol, Madrid","Leganés, Madrid",TRANSIT,17:00,2026-02-27,16.77,33.5,,
"Puerta del Sol, Madrid","Getafe, Madrid",TRANSIT,17:00,2026-02-27,15.41,25.5,,
"Puerta del Sol, Madrid","Torrejón de Ardoz, Madrid",TRANSIT,17:00,2026-02-27,24.63,42.5,,
"Puerta del Sol, Madrid","Coslada, Madrid",TRANSIT,17:00,2026-02-27,16.55,33.5,,
"Estación de Atocha, Madrid",Toledo,TRANSIT,17:00,2026-02-27,83.88,55.4,,
"Estación de Atocha, Madrid",Segovia,TRANSIT,17:00,2026-02-27,82.11,93.3,,
"Estación de Atocha, Madrid",Ávila,TRANSIT,17:00,2026-02-27,128.24,112.2,,
"Estación de Atocha, Madrid",Cuenca,TRANSIT,17:00,2026-02-27,212.36,114.2,,
"Estación de Chamartín, Madrid",Valladolid,TRANSIT,17:00,2026-02-27,179.23,73.5,,
"Estación de Chamartín, Madrid",Burgos,TRANSIT,17:00,2026-02-27,304.27,103.5,,
"Estación de Chamartín, Madrid",Salamanca,TRANSIT,17:00,2026-02-27,288.24,203.6,,
"Estación de Atocha, Madrid",Córdoba,TRANSIT,17:00,2026-02-27,344.26,129.0,,
"Estación de Atocha, Madrid",Ciudad Real,TRANSIT,17:00,2026-02-27,171.32,63.0,,
"Estación de Atocha, Madrid","Barcelona Sants, Barcelona",TRANSIT,17:00,2026-02-27,621.07,196.7,,
"Estación de Atocha, Madrid","Valencia, España",TRANSIT,17:00,2026-02-27,407.01,150.2,,
"Estación de Atocha, Madrid","Sevilla, España",TRANSIT,17:00,2026-02-27,470.82,167.1,,
"Estación de Atocha, Madrid","Zaragoza, España",TRANSIT,17:00,2026-02-27,306.89,100.1,,
"Estación de Atocha, Madrid","Málaga, España",TRANSIT,17:00,2026-02-27,509.77,195.1,,
"Estación de Chamartín, Madrid","Bilbao, España",TRANSIT,17:00,2026-02-27,322.43,303.1,,
"Estación de Chamartín, Madrid","San Sebastián, España",TRANSIT,17:00,2026-02-27,447.96,373.1,,
"Alcalá de Henares, Madrid","Torrejón de Ardoz, Madrid",TRANSIT,17:00,2026-02-27,10.37,9.0,,
"Móstoles, Madrid","Alcorcón, Madrid",TRANSIT,17:00,2026-02-27,8.41,27.3,,
"Móstoles, Madrid","Leganés, Madrid",TRANSIT,17:00,2026-02-27,13.27,26.2,,
"Móstoles, Madrid","Fuenlabrada, Madrid",TRANSIT,17:00,2026-02-27,10.65,46.2,,
"Getafe, Madrid","Parla, Madrid",TRANSIT,17:00,2026-02-27,9.03,20.8,,
"Getafe, Madrid","Leganés, Madrid",TRANSIT,17:00,2026-02-27,10.91,16.1,,
"Las Rozas de Madrid, Madrid","Majadahonda, Madrid",TRANSIT,17:00,2026-02-27,12.26,31.0,,
"Tres Cantos, Madrid","Alcobendas, Madrid",TRANSIT,17:00,2026-02-27,28.81,51.0,,
"Aranjuez, Madrid","Valdemoro, Madrid",TRANSIT,17:00,2026-02-27,22.39,27.1,,
"Aranjuez, Madrid","Ocaña, Toledo",TRANSIT,17:00,2026-02-27,16.96,15.0,,
"Puerta del Sol, Madrid","Aeropuerto Adolfo Suárez Madrid-Barajas, Madrid",DRIVE,18:00,2026-02-27,20.96,25.8,27.3,1.5
"Puerta del Sol, Madrid","Estación de Atocha, Madrid",DRIVE,18:00,2026-02-27,3.71,15.1,16.0,0.9
"Puerta del Sol, Madrid","Estación de Chamartín, Madrid",DRIVE,18:00,2026-02-27,18.03,27.1,28.2,1.1
"Puerta del Sol, Madrid","Plaza de Castilla, Madrid",DRIVE,18:00,2026-02-27,12.59,26.6,26.4,-0.2
"Puerta del Sol, Madrid","Vallecas, Madrid",DRIVE,18:00,2026-02-27,18.78,22.6,24.2,1.6
"Puerta del Sol, Madrid","Moncloa, Madrid",DRIVE,18:00,2026-02-27,11.92,20.5,21.1,0.6
"Puerta del Sol, Madrid","Cuatro Caminos, Madrid",DRIVE,18:00,2026-02-27,6.51,21.9,23.9,2.0
"Gran Vía, Madrid","Estadio Santiago Bernabéu, Madrid",DRIVE,18:00,2026-02-27,4.2,11.9,12.2,0.3
"Gran Vía, Madrid","Estadio Cívitas Metropolitano, Madrid",DRIVE,18:00,2026-02-27,10.39,12.8,13.1,0.3
"Nuevos Ministerios, Madrid","Aeropuerto Adolfo Suárez Madrid-Barajas, Madrid",DRIVE,18:00,2026-02-27,12.54,16.0,17.1,1.1
"Nuevos Ministerios, Madrid","Estación de Atocha, Madrid",DRIVE,18:00,2026-02-27,5.83,17.7,21.3,3.6
"Retiro, Madrid","Ciudad Universitaria, Madrid",DRIVE,18:00,2026-02-27,8.78,22.4,21.8,-0.6
"Retiro, Madrid","Leganés, Madrid",DRIVE,18:00,2026-02-27,14.27,23.3,26.0,2.7
"Retiro, Madrid","Getafe, Madrid",DRIVE,18:00,2026-02-27,14.99,25.4,26.3,0.9
"Estación de Atocha, Madrid","Alcalá de Henares, Madrid",DRIVE,18:00,2026-02-27,33.74,31.6,31.3,-0.3
"Estación de Atocha, Madrid","Aranjuez, Madrid",DRIVE,18:00,2026-02-27,47.89,43.0,44.0,1.0
"Estación de Atocha, Madrid","Alcobendas, Madrid",DRIVE,18:00,2026-02-27,18.7,19.5,18.8,-0.7
"Estación de Atocha, Madrid","San Sebastián de los Reyes, Madrid",DRIVE,18:00,2026-02-27,25.2,27.3,26.8,-0.5
"Estación de Atocha, Madrid","Móstoles, Madrid",DRIVE,18:00,2026-02-27,25.18,30.6,33.4,2.8
"Estación de Atocha, Madrid","Fuenlabrada, Madrid",DRIVE,18:00,2026-02-27,22.96,27.1,28.2,1.1
"Estación de Atocha, Madrid","Parla, Madrid",DRIVE,18:00,2026-02-27,24.36,29.1,31.9,2.8
"Estación de Atocha, Madrid","Pinto, Madrid",DRIVE,18:00,2026-02-27,23.85,23.6,25.6,2.0
"Estación de Chamartín, Madrid","Tres Cantos, Madrid",DRIVE,18:00,2026-02-27,16.68,17.7,17.9,0.2
"Estación de Chamartín, Madrid","Colmenar Viejo, Madrid",DRIVE,18:00,2026-02-27,26.62,27.8,28.5,0.7
"Estación de Chamartín, Madrid","Alcobendas, Madrid",DRIVE,18:00,2026-02-27,9.54,11.8,12.5,0.7
"Moncloa, Madrid","Las Rozas de Madrid, Madrid",DRIVE,18:00,2026-02-27,17.9,15.8,17.0,1.2
"Moncloa, Madrid","Majadahonda, Madrid",DRIVE,18:00,2026-02-27,18.27,16.4,17.6,1.2
"Moncloa, Madrid","Pozuelo de Alarcón, Madrid",DRIVE,18:00,2026-02-27,10.63,13.0,13.2,0.2
"Moncloa, Madrid","Boadilla del Monte, Madrid",DRIVE,18:00,2026-02-27,20.84,19.4,19.8,0.4
"Moncloa, Madrid","Villanueva de la Cañada, Madrid",DRIVE,18:00,2026-02-27,34.15,29.0,29.6,0.6
"Puerta del Sol, Madrid","Alcorcón, Madrid",DRIVE,18:00,2026-02-27,15.35,25.0,28.6,3.6
"Puerta del Sol, Madrid","Leganés, Madrid",DRIVE,18:00,2026-02-27,13.68,24.1,26.8,2.7
"Puerta del Sol, Madrid","Getafe, Madrid",DRIVE,18:00,2026-02-27,14.4,26.2,27.6,1.4
"Puerta del Sol, Madrid","Torrejón de Ardoz, Madrid",DRIVE,18:00,2026-02-27,30.81,36.5,36.4,-0.1
"Puerta del Sol, Madrid","Coslada, Madrid",DRIVE,18:00,2026-02-27,20.72,28.7,29.1,0.4
"Estación de Atocha, Madrid",Toledo,DRIVE,18:00,2026-02-27,73.34,57.2,59.9,2.7
"Estación de Atocha, Madrid",Segovia,DRIVE,18:00,2026-02-27,99.76,74.5,76.4,1.9
"Estación de Atocha, Madrid",Ávila,DRIVE,18:00,2026-02-27,117.1,82.4,81.3,-1.1
"Estación de Atocha, Madrid",Cuenca,DRIVE,18:00,2026-02-27,164.27,98.5,100.2,1.7
"Estación de Chamartín, Madrid",Valladolid,DRIVE,18:00,2026-02-27,208.61,133.7,138.4,4.7
"Estación de Chamartín, Madrid",Burgos,DRIVE,18:00,2026-02-27,234.65,140.0,141.2,1.2
"Estación de Chamartín, Madrid",Salamanca,DRIVE,18:00,2026-02-27,214.75,133.4,138.2,4.8
"Estación de Atocha, Madrid",Córdoba,DRIVE,18:00,2026-02-27,392.87,238.5,236.9,-1.6
"Estación de Atocha, Madrid",Ciudad Real,DRIVE,18:00,2026-02-27,190.37,134.3,143.2,8.9
"Estación de Atocha, Madrid","Barcelona Sants, Barcelona",DRIVE,18:00,2026-02-27,613.8,366.8,360.1,-6.7
"Estación de Atocha, Madrid","Valencia, España",DRIVE,18:00,2026-02-27,355.0,215.0,208.6,-6.4
"Estación de Atocha, Madrid","Sevilla, España",DRIVE,18:00,2026-02-27,534.39,307.4,303.4,-4.0
"Estación de Atocha, Madrid","Zaragoza, España",DRIVE,18:00,2026-02-27,314.08,193.5,189.6,-3.9
"Estación de Atocha, Madrid","Málaga, España",DRIVE,18:00,2026-02-27,533.33,316.2,312.9,-3.3
"Estación de Chamartín, Madrid","Bilbao, España",DRIVE,18:00,2026-02-27,387.98,233.3,231.8,-1.5
"Estación de Chamartín, Madrid","San Sebastián, España",DRIVE,18:00,2026-02-27,442.83,268.6,267.2,-1.4
"Alcalá de Henares, Madrid","Torrejón de Ardoz, Madrid",DRIVE,18:00,2026-02-27,14.38,18.7,20.7,2.0
"Móstoles, Madrid","Alcorcón, Madrid",DRIVE,18:00,2026-02-27,8.93,15.5,18.6,3.1
"Móstoles, Madrid","Leganés, Madrid",DRIVE,18:00,2026-02-27,11.77,22.1,23.3,1.2
"Móstoles, Madrid","Fuenlabrada, Madrid",DRIVE,18:00,2026-02-27,9.98,18.0,19.9,1.9
"Getafe, Madrid","Parla, Madrid",DRIVE,18:00,2026-02-27,10.84,15.5,18.5,3.0
"Getafe, Madrid","Leganés, Madrid",DRIVE,18:00,2026-02-27,4.77,12.6,13.7,1.1
"Las Rozas de Madrid, Madrid","Majadahonda, Madrid",DRIVE,18:00,2026-02-27,3.12,7.1,6.3,-0.8
"Tres Cantos, Madrid","Alcobendas, Madrid",DRIVE,18:00,2026-02-27,17.22,15.6,16.1,0.5
"Aranjuez, Madrid","Valdemoro, Madrid",DRIVE,18:00,2026-02-27,22.01,21.4,22.1,0.7
"Aranjuez, Madrid","Ocaña, Toledo",DRIVE,18:00,2026-02-27,16.03,17.0,17.2,0.2
"Puerta del Sol, Madrid","Aeropuerto Adolfo Suárez Madrid-Barajas, Madrid",TRANSIT,18:00,2026-02-27,15.7,32.1,,
"Puerta del Sol, Madrid","Estación de Atocha, Madrid",TRANSIT,18:00,2026-02-27,2.21,12.6,,
"Puerta del Sol, Madrid","Estación de Chamartín, Madrid",TRANSIT,18:00,2026-02-27,6.93,22.9,,
"Puerta del Sol, Madrid","Plaza de Castilla, Madrid",TRANSIT,18:00,2026-02-27,6.48,22.4,,
"Puerta del Sol, Madrid","Vallecas, Madrid",TRANSIT,18:00,2026-02-27,11.23,40.0,,
"Puerta del Sol, Madrid","Moncloa, Madrid",TRANSIT,18:00,2026-02-27,6.39,67.9,,
"Puerta del Sol, Madrid","Cuatro Caminos, Madrid",TRANSIT,18:00,2026-02-27,4.45,18.2,,
"Gran Vía, Madrid","Estadio Santiago Bernabéu, Madrid",TRANSIT,18:00,2026-02-27,4.56,25.7,,
"Gran Vía, Madrid","Estadio Cívitas Metropolitano, Madrid",TRANSIT,18:00,2026-02-27,14.73,45.2,,
"Nuevos Ministerios, Madrid","Aeropuerto Adolfo Suárez Madrid-Barajas, Madrid",TRANSIT,18:00,2026-02-27,12.29,20.7,,
"Nuevos Ministerios, Madrid","Estación de Atocha, Madrid",TRANSIT,18:00,2026-02-27,5.21,15.6,,
"Retiro, Madrid","Ciudad Universitaria, Madrid",TRANSIT,18:00,2026-02-27,7.69,45.0,,
"Retiro, Madrid","Leganés, Madrid",TRANSIT,18:00,2026-02-27,16.96,42.4,,
"Retiro, Madrid","Getafe, Madrid",TRANSIT,18:00,2026-02-27,14.87,40.4,,
"Estación de Atocha, Madrid","Alcalá de Henares, Madrid",TRANSIT,18:00,2026-02-27,33.21,43.6,,
"Estación de Atocha, Madrid","Aranjuez, Madrid",TRANSIT,18:00,2026-02-27,48.17,48.6,,
"Estación de Atocha, Madrid","Alcobendas, Madrid",TRANSIT,18:00,2026-02-27,21.54,54.5,,
"Estación de Atocha, Madrid","San Sebastián de los Reyes, Madrid",TRANSIT,18:00,2026-02-27,24.25,61.1,,
"Estación de Atocha, Madrid","Móstoles, Madrid",TRANSIT,18:00,2026-02-27,19.76,39.5,,
"Estación de Atocha, Madrid","Fuenlabrada, Madrid",TRANSIT,18:00,2026-02-27,21.62,47.9,,
"Estación de Atocha, Madrid","Parla, Madrid",TRANSIT,18:00,2026-02-27,21.86,41.4,,
"Estación de Atocha, Madrid","Pinto, Madrid",TRANSIT,18:00,2026-02-27,20.65,26.6,,
"Estación de Chamartín, Madrid","Tres Cantos, Madrid",TRANSIT,18:00,2026-02-27,15.34,24.5,,
"Estación de Chamartín, Madrid","Colmenar Viejo, Madrid",TRANSIT,18:00,2026-02-27,22.64,33.5,,
"Estación de Chamartín, Madrid","Alcobendas, Madrid",TRANSIT,18:00,2026-02-27,13.63,37.0,,
"Moncloa, Madrid","Las Rozas de Madrid, Madrid",TRANSIT,18:00,2026-02-27,17.78,61.3,,
"Moncloa, Madrid","Majadahonda, Madrid",TRANSIT,18:00,2026-02-27,14.83,78.6,,
"Moncloa, Madrid","Pozuelo de Alarcón, Madrid",TRANSIT,18:00,2026-02-27,5.91,48.2,,
"Moncloa, Madrid","Boadilla del Monte, Madrid",TRANSIT,18:00,2026-02-27,38.31,102.8,,
"Moncloa, Madrid","Villanueva de la Cañada, Madrid",TRANSIT,18:00,2026-02-27,43.42,100.1,,
"Puerta del Sol, Madrid","Alcorcón, Madrid",TRANSIT,18:00,2026-02-27,19.3,46.8,,
"Puerta del Sol, Madrid","Leganés, Madrid",TRANSIT,18:00,2026-02-27,16.77,33.5,,
"Puerta del Sol, Madrid","Getafe, Madrid",TRANSIT,18:00,2026-02-27,15.41,26.5,,
"Puerta del Sol, Madrid","Torrejón de Ardoz, Madrid",TRANSIT,18:00,2026-02-27,24.63,40.5,,
"Puerta del Sol, Madrid","Coslada, Madrid",TRANSIT,18:00,2026-02-27,16.55,31.5,,
"Estación de Atocha, Madrid",Toledo,TRANSIT,18:00,2026-02-27,83.88,53.4,,
"Estación de Atocha, Madrid",Segovia,TRANSIT,18:00,2026-02-27,82.11,93.3,,
"Estación de Atocha, Madrid",Ávila,TRANSIT,18:00,2026-02-27,128.24,112.2,,
"Estación de Atocha, Madrid",Cuenca,TRANSIT,18:00,2026-02-27,195.47,83.0,,
"Estación de Chamartín, Madrid",Valladolid,TRANSIT,18:00,2026-02-27,179.23,74.5,,
"Estación de Chamartín, Madrid",Burgos,TRANSIT,18:00,2026-02-27,304.27,103.5,,
"Estación de Chamartín, Madrid",Salamanca,TRANSIT,18:00,2026-02-27,232.6,192.2,,
"Estación de Atocha, Madrid",Córdoba,TRANSIT,18:00,2026-02-27,343.92,106.6,,
"Estación de Atocha, Madrid",Ciudad Real,TRANSIT,18:00,2026-02-27,171.32,64.0,,
"Estación de Atocha, Madrid","Barcelona Sants, Barcelona",TRANSIT,18:00,2026-02-27,625.94,210.6,,
"Estación de Atocha, Madrid","Valencia, España",TRANSIT,18:00,2026-02-27,406.73,141.6,,
"Estación de Atocha, Madrid","Sevilla, España",TRANSIT,18:00,2026-02-27,470.54,162.6,,
"Estación de Atocha, Madrid","Zaragoza, España",TRANSIT,18:00,2026-02-27,306.53,98.6,,
"Estación de Atocha, Madrid","Málaga, España",TRANSIT,18:00,2026-02-27,536.46,175.1,,
"Estación de Chamartín, Madrid","Bilbao, España",TRANSIT,18:00,2026-02-27,322.43,283.1,,
"Estación de Chamartín, Madrid","San Sebastián, España",TRANSIT,18:00,2026-02-27,351.29,342.1,,
"Alcalá de Henares, Madrid","Torrejón de Ardoz, Madrid",TRANSIT,18:00,2026-02-27,10.37,9.0,,
"Móstoles, Madrid","Alcorcón, Madrid",TRANSIT,18:00,2026-02-27,8.38,23.7,,
"Móstoles, Madrid","Leganés, Madrid",TRANSIT,18:00,2026-02-27,13.27,26.2,,
"Móstoles, Madrid","Fuenlabrada, Madrid",TRANSIT,18:00,2026-02-27,10.65,46.2,,
"Getafe, Madrid","Parla, Madrid",TRANSIT,18:00,2026-02-27,9.03,20.8,,
"Getafe, Madrid","Leganés, Madrid",TRANSIT,18:00,2026-02-27,10.91,16.1,,
"Las Rozas de Madrid, Madrid","Majadahonda, Madrid",TRANSIT,18:00,2026-02-27,12.26,30.0,,
"Tres Cantos, Madrid","Alcobendas, Madrid",TRANSIT,18:00,2026-02-27,28.81,50.1,,
"Aranjuez, Madrid","Valdemoro, Madrid",TRANSIT,18:00,2026-02-27,22.34,24.7,,
"Aranjuez, Madrid","Ocaña, Toledo",TRANSIT,18:00,2026-02-27,12.18,15.0,,
"Puerta del Sol, Madrid","Aeropuerto Adolfo Suárez Madrid-Barajas, Madrid",DRIVE,19:00,2026-02-27,20.96,25.8,27.0,1.2
"Puerta del Sol, Madrid","Estación de Atocha, Madrid",DRIVE,19:00,2026-02-27,3.71,15.1,16.1,1.0
"Puerta del Sol, Madrid","Estación de Chamartín, Madrid",DRIVE,19:00,2026-02-27,18.03,27.1,28.6,1.5
"Puerta del Sol, Madrid","Plaza de Castilla, Madrid",DRIVE,19:00,2026-02-27,12.59,26.6,26.2,-0.4
"Puerta del Sol, Madrid","Vallecas, Madrid",DRIVE,19:00,2026-02-27,18.78,22.6,23.6,1.0
"Puerta del Sol, Madrid","Moncloa, Madrid",DRIVE,19:00,2026-02-27,11.92,20.5,21.0,0.5
"Puerta del Sol, Madrid","Cuatro Caminos, Madrid",DRIVE,19:00,2026-02-27,6.51,21.9,24.3,2.4
"Gran Vía, Madrid","Estadio Santiago Bernabéu, Madrid",DRIVE,19:00,2026-02-27,4.2,11.9,12.3,0.4
"Gran Vía, Madrid","Estadio Cívitas Metropolitano, Madrid",DRIVE,19:00,2026-02-27,10.39,12.8,13.1,0.3
"Nuevos Ministerios, Madrid","Aeropuerto Adolfo Suárez Madrid-Barajas, Madrid",DRIVE,19:00,2026-02-27,12.54,16.0,16.4,0.4
"Nuevos Ministerios, Madrid","Estación de Atocha, Madrid",DRIVE,19:00,2026-02-27,5.83,17.7,19.9,2.2
"Retiro, Madrid","Ciudad Universitaria, Madrid",DRIVE,19:00,2026-02-27,8.78,22.4,21.5,-0.9
"Retiro, Madrid","Leganés, Madrid",DRIVE,19:00,2026-02-27,14.27,23.3,23.9,0.6
"Retiro, Madrid","Getafe, Madrid",DRIVE,19:00,2026-02-27,14.99,25.4,24.8,-0.6
"Estación de Atocha, Madrid","Alcalá de Henares, Madrid",DRIVE,19:00,2026-02-27,33.74,31.6,30.6,-1.0
"Estación de Atocha, Madrid","Aranjuez, Madrid",DRIVE,19:00,2026-02-27,47.89,43.0,41.5,-1.5
"Estación de Atocha, Madrid","Alcobendas, Madrid",DRIVE,19:00,2026-02-27,18.7,19.5,18.8,-0.7
"Estación de Atocha, Madrid","San Sebastián de los Reyes, Madrid",DRIVE,19:00,2026-02-27,25.2,27.3,26.6,-0.7
"Estación de Atocha, Madrid","Móstoles, Madrid",DRIVE,19:00,2026-02-27,25.18,30.6,31.3,0.7
"Estación de Atocha, Madrid","Fuenlabrada, Madrid",DRIVE,19:00,2026-02-27,22.96,27.1,26.7,-0.4
"Estación de Atocha, Madrid","Parla, Madrid",DRIVE,19:00,2026-02-27,24.36,29.1,28.8,-0.3
"Estación de Atocha, Madrid","Pinto, Madrid",DRIVE,19:00,2026-02-27,23.85,23.6,23.3,-0.3
"Estación de Chamartín, Madrid","Tres Cantos, Madrid",DRIVE,19:00,2026-02-27,16.68,17.7,17.3,-0.4
"Estación de Chamartín, Madrid","Colmenar Viejo, Madrid",DRIVE,19:00,2026-02-27,26.62,27.8,27.0,-0.8
"Estación de Chamartín, Madrid","Alcobendas, Madrid",DRIVE,19:00,2026-02-27,9.54,11.8,11.8,0.0
"Moncloa, Madrid","Las Rozas de Madrid, Madrid",DRIVE,19:00,2026-02-27,17.9,15.8,15.7,-0.1
"Moncloa, Madrid","Majadahonda, Madrid",DRIVE,19:00,2026-02-27,18.27,16.4,16.3,-0.1
"Moncloa, Madrid","Pozuelo de Alarcón, Madrid",DRIVE,19:00,2026-02-27,10.63,13.0,12.8,-0.2
"Moncloa, Madrid","Boadilla del Monte, Madrid",DRIVE,19:00,2026-02-27,20.84,19.4,19.1,-0.3
"Moncloa, Madrid","Villanueva de la Cañada, Madrid",DRIVE,19:00,2026-02-27,34.15,29.0,29.0,0.0
"Puerta del Sol, Madrid","Alcorcón, Madrid",DRIVE,19:00,2026-02-27,15.35,25.0,27.4,2.4
"Puerta del Sol, Madrid","Leganés, Madrid",DRIVE,19:00,2026-02-27,13.68,24.1,25.4,1.3
"Puerta del Sol, Madrid","Getafe, Madrid",DRIVE,19:00,2026-02-27,14.4,26.2,26.0,-0.2
"Puerta del Sol, Madrid","Torrejón de Ardoz, Madrid",DRIVE,19:00,2026-02-27,30.81,36.5,35.9,-0.6
"Puerta del Sol, Madrid","Coslada, Madrid",DRIVE,19:00,2026-02-27,20.72,28.7,29.0,0.3
"Estación de Atocha, Madrid",Toledo,DRIVE,19:00,2026-02-27,73.34,57.2,57.7,0.5
"Estación de Atocha, Madrid",Segovia,DRIVE,19:00,2026-02-27,99.76,74.5,72.5,-2.0
"Estación de Atocha, Madrid",Ávila,DRIVE,19:00,2026-02-27,117.1,82.4,78.9,-3.5
"Estación de Atocha, Madrid",Cuenca,DRIVE,19:00,2026-02-27,164.27,98.5,92.6,-5.9
"Estación de Chamartín, Madrid",Valladolid,DRIVE,19:00,2026-02-27,208.61,133.7,133.5,-0.2
"Estación de Chamartín, Madrid",Burgos,DRIVE,19:00,2026-02-27,234.65,140.0,138.2,-1.8
"Estación de Chamartín, Madrid",Salamanca,DRIVE,19:00,2026-02-27,214.75,133.4,134.2,0.8
"Estación de Atocha, Madrid",Córdoba,DRIVE,19:00,2026-02-27,392.87,238.5,233.7,-4.8
"Estación de Atocha, Madrid",Ciudad Real,DRIVE,19:00,2026-02-27,190.37,134.3,136.4,2.1
"Estación de Atocha, Madrid","Barcelona Sants, Barcelona",DRIVE,19:00,2026-02-27,613.8,366.8,365.3,-1.5
"Estación de Atocha, Madrid","Valencia, España",DRIVE,19:00,2026-02-27,355.0,215.0,208.6,-6.4
"Estación de Atocha, Madrid","Sevilla, España",DRIVE,19:00,2026-02-27,534.39,307.4,301.1,-6.3
"Estación de Atocha, Madrid","Zaragoza, España",DRIVE,19:00,2026-02-27,314.08,193.5,192.6,-0.9
"Estación de Atocha, Madrid","Málaga, España",DRIVE,19:00,2026-02-27,533.33,316.2,312.4,-3.8
"Estación de Chamartín, Madrid","Bilbao, España",DRIVE,19:00,2026-02-27,387.98,233.3,229.3,-4.0
"Estación de Chamartín, Madrid","San Sebastián, España",DRIVE,19:00,2026-02-27,442.83,268.6,264.3,-4.3
"Alcalá de Henares, Madrid","Torrejón de Ardoz, Madrid",DRIVE,19:00,2026-02-27,14.38,18.7,18.6,-0.1
"Móstoles, Madrid","Alcorcón, Madrid",DRIVE,19:00,2026-02-27,8.93,15.5,17.4,1.9
"Móstoles, Madrid","Leganés, Madrid",DRIVE,19:00,2026-02-27,11.77,22.1,22.2,0.1
"Móstoles, Madrid","Fuenlabrada, Madrid",DRIVE,19:00,2026-02-27,9.98,18.0,18.7,0.7
"Getafe, Madrid","Parla, Madrid",DRIVE,19:00,2026-02-27,10.84,15.5,16.4,0.9
"Getafe, Madrid","Leganés, Madrid",DRIVE,19:00,2026-02-27,4.77,12.6,12.8,0.2
"Las Rozas de Madrid, Madrid","Majadahonda, Madrid",DRIVE,19:00,2026-02-27,3.12,7.1,6.2,-0.9
"Tres Cantos, Madrid","Alcobendas, Madrid",DRIVE,19:00,2026-02-27,17.22,15.6,15.9,0.3
"Aranjuez, Madrid","Valdemoro, Madrid",DRIVE,19:00,2026-02-27,22.01,21.4,21.4,0.0
"Aranjuez, Madrid","Ocaña, Toledo",DRIVE,19:00,2026-02-27,16.03,17.0,16.8,-0.2
"Puerta del Sol, Madrid","Aeropuerto Adolfo Suárez Madrid-Barajas, Madrid",TRANSIT,19:00,2026-02-27,15.75,34.1,,
"Puerta del Sol, Madrid","Estación de Atocha, Madrid",TRANSIT,19:00,2026-02-27,2.21,12.6,,
"Puerta del Sol, Madrid","Estación de Chamartín, Madrid",TRANSIT,19:00,2026-02-27,7.19,21.9,,
"Puerta del Sol, Madrid","Plaza de Castilla, Madrid",TRANSIT,19:00,2026-02-27,6.48,22.4,,
"Puerta del Sol, Madrid","Vallecas, Madrid",TRANSIT,19:00,2026-02-27,11.23,40.0,,
"Puerta del Sol, Madrid","Moncloa, Madrid",TRANSIT,19:00,2026-02-27,10.55,59.9,,
"Puerta del Sol, Madrid","Cuatro Caminos, Madrid",TRANSIT,19:00,2026-02-27,4.45,18.2,,
"Gran Vía, Madrid","Estadio Santiago Bernabéu, Madrid",TRANSIT,19:00,2026-02-27,4.56,23.6,,
"Gran Vía, Madrid","Estadio Cívitas Metropolitano, Madrid",TRANSIT,19:00,2026-02-27,14.73,45.2,,
"Nuevos Ministerios, Madrid","Aeropuerto Adolfo Suárez Madrid-Barajas, Madrid",TRANSIT,19:00,2026-02-27,12.29,20.7,,
"Nuevos Ministerios, Madrid","Estación de Atocha, Madrid",TRANSIT,19:00,2026-02-27,5.21,15.6,,
"Retiro, Madrid","Ciudad Universitaria, Madrid",TRANSIT,19:00,2026-02-27,8.04,48.0,,
"Retiro, Madrid","Leganés, Madrid",TRANSIT,19:00,2026-02-27,16.96,39.1,,
"Retiro, Madrid","Getafe, Madrid",TRANSIT,19:00,2026-02-27,14.87,39.1,,
"Estación de Atocha, Madrid","Alcalá de Henares, Madrid",TRANSIT,19:00,2026-02-27,33.21,42.2,,
"Estación de Atocha, Madrid","Aranjuez, Madrid",TRANSIT,19:00,2026-02-27,48.17,48.6,,
"Estación de Atocha, Madrid","Alcobendas, Madrid",TRANSIT,19:00,2026-02-27,21.54,54.5,,
"Estación de Atocha, Madrid","San Sebastián de los Reyes, Madrid",TRANSIT,19:00,2026-02-27,26.41,63.9,,
"Estación de Atocha, Madrid","Móstoles, Madrid",TRANSIT,19:00,2026-02-27,19.76,39.5,,
"Estación de Atocha, Madrid","Fuenlabrada, Madrid",TRANSIT,19:00,2026-02-27,21.62,45.9,,
"Estación de Atocha, Madrid","Parla, Madrid",TRANSIT,19:00,2026-02-27,21.86,41.4,,
"Estación de Atocha, Madrid","Pinto, Madrid",TRANSIT,19:00,2026-02-27,20.65,26.6,,
"Estación de Chamartín, Madrid","Tres Cantos, Madrid",TRANSIT,19:00,2026-02-27,15.34,24.5,,
"Estación de Chamartín, Madrid","Colmenar Viejo, Madrid",TRANSIT,19:00,2026-02-27,22.64,33.5,,
"Estación de Chamartín, Madrid","Alcobendas, Madrid",TRANSIT,19:00,2026-02-27,13.63,37.0,,
"Moncloa, Madrid","Las Rozas de Madrid, Madrid",TRANSIT,19:00,2026-02-27,24.14,60.9,,
"Moncloa, Madrid","Majadahonda, Madrid",TRANSIT,19:00,2026-02-27,34.3,84.4,,
"Moncloa, Madrid","Pozuelo de Alarcón, Madrid",TRANSIT,19:00,2026-02-27,5.66,47.9,,
"Moncloa, Madrid","Boadilla del Monte, Madrid",TRANSIT,19:00,2026-02-27,21.51,108.6,,
"Moncloa, Madrid","Villanueva de la Cañada, Madrid",TRANSIT,19:00,2026-02-27,40.42,96.7,,
"Puerta del Sol, Madrid","Alcorcón, Madrid",TRANSIT,19:00,2026-02-27,15.94,40.1,,
"Puerta del Sol, Madrid","Leganés, Madrid",TRANSIT,19:00,2026-02-27,16.67,32.5,,
"Puerta del Sol, Madrid","Getafe, Madrid",TRANSIT,19:00,2026-02-27,15.41,26.5,,
"Puerta del Sol, Madrid","Torrejón de Ardoz, Madrid",TRANSIT,19:00,2026-02-27,24.63,41.5,,
"Puerta del Sol, Madrid","Coslada, Madrid",TRANSIT,19:00,2026-02-27,16.55,32.5,,
"Estación de Atocha, Madrid",Toledo,TRANSIT,19:00,2026-02-27,83.76,51.7,,
"Estación de Atocha, Madrid",Segovia,TRANSIT,19:00,2026-02-27,81.6,76.5,,
"Estación de Atocha, Madrid",Ávila,TRANSIT,19:00,2026-02-27,128.24,113.2,,
"Estación de Atocha, Madrid",Cuenca,TRANSIT,19:00,2026-02-27,212.36,115.2,,
"Estación de Chamartín, Madrid",Valladolid,TRANSIT,19:00,2026-02-27,179.22,64.5,,
"Estación de Chamartín, Madrid",Burgos,TRANSIT,19:00,2026-02-27,215.35,203.2,,
"Estación de Chamartín, Madrid",Salamanca,TRANSIT,19:00,2026-02-27,243.1,108.5,,
"Estación de Atocha, Madrid",Córdoba,TRANSIT,19:00,2026-02-27,344.21,99.1,,
"Estación de Atocha, Madrid",Ciudad Real,TRANSIT,19:00,2026-02-27,171.32,64.0,,
"Estación de Atocha, Madrid","Barcelona Sants, Barcelona",TRANSIT,19:00,2026-02-27,607.33,184.1,,
"Estación de Atocha, Madrid","Valencia, España",TRANSIT,19:00,2026-02-27,406.67,138.2,,
"Estación de Atocha, Madrid","Sevilla, España",TRANSIT,19:00,2026-02-27,470.82,154.1,,
"Estación de Atocha, Madrid","Zaragoza, España",TRANSIT,19:00,2026-02-27,306.56,76.0,,
"Estación de Atocha, Madrid","Málaga, España",TRANSIT,19:00,2026-02-27,536.13,167.0,,
"Estación de Chamartín, Madrid","Bilbao, España",TRANSIT,19:00,2026-02-27,322.43,278.1,,
"Estación de Chamartín, Madrid","San Sebastián, España",TRANSIT,19:00,2026-02-27,351.29,342.1,,
"Alcalá de Henares, Madrid","Torrejón de Ardoz, Madrid",TRANSIT,19:00,2026-02-27,10.37,9.0,,
"Móstoles, Madrid","Alcorcón, Madrid",TRANSIT,19:00,2026-02-27,6.82,33.7,,
"Móstoles, Madrid","Leganés, Madrid",TRANSIT,19:00,2026-02-27,13.27,26.2,,
"Móstoles, Madrid","Fuenlabrada, Madrid",TRANSIT,19:00,2026-02-27,10.65,46.2,,
"Getafe, Madrid","Parla, Madrid",TRANSIT,19:00,2026-02-27,9.03,20.8,,
"Getafe, Madrid","Leganés, Madrid",TRANSIT,19:00,2026-02-27,10.91,16.1,,
"Las Rozas de Madrid, Madrid","Majadahonda, Madrid",TRANSIT,19:00,2026-02-27,13.32,31.0,,
"Tres Cantos, Madrid","Alcobendas, Madrid",TRANSIT,19:00,2026-02-27,28.81,43.7,,
"Aranjuez, Madrid","Valdemoro, Madrid",TRANSIT,19:00,2026-02-27,22.39,25.2,,
"Aranjuez, Madrid","Ocaña, Toledo",TRANSIT,19:00,2026-02-27,16.96,15.0,,
"Puerta del Sol, Madrid","Aeropuerto Adolfo Suárez Madrid-Barajas, Madrid",DRIVE,20:00,2026-02-27,20.96,25.8,25.4,-0.4
"Puerta del Sol, Madrid","Estación de Atocha, Madrid",DRIVE,20:00,2026-02-27,3.71,15.1,14.8,-0.3
"Puerta del Sol, Madrid","Estación de Chamartín, Madrid",DRIVE,20:00,2026-02-27,18.03,27.1,26.8,-0.3
"Puerta del Sol, Madrid","Plaza de Castilla, Madrid",DRIVE,20:00,2026-02-27,12.59,26.6,25.3,-1.3
"Puerta del Sol, Madrid","Vallecas, Madrid",DRIVE,20:00,2026-02-27,18.78,22.6,22.7,0.1
"Puerta del Sol, Madrid","Moncloa, Madrid",DRIVE,20:00,2026-02-27,11.92,20.5,20.0,-0.5
"Puerta del Sol, Madrid","Cuatro Caminos, Madrid",DRIVE,20:00,2026-02-27,6.51,21.9,23.4,1.5
"Gran Vía, Madrid","Estadio Santiago Bernabéu, Madrid",DRIVE,20:00,2026-02-27,4.2,11.9,12.2,0.3
"Gran Vía, Madrid","Estadio Cívitas Metropolitano, Madrid",DRIVE,20:00,2026-02-27,10.39,12.8,12.8,0.0
"Nuevos Ministerios, Madrid","Aeropuerto Adolfo Suárez Madrid-Barajas, Madrid",DRIVE,20:00,2026-02-27,12.54,16.0,15.8,-0.2
"Nuevos Ministerios, Madrid","Estación de Atocha, Madrid",DRIVE,20:00,2026-02-27,5.83,17.7,19.1,1.4
"Retiro, Madrid","Ciudad Universitaria, Madrid",DRIVE,20:00,2026-02-27,8.78,22.4,20.4,-2.0
"Retiro, Madrid","Leganés, Madrid",DRIVE,20:00,2026-02-27,14.27,23.3,22.1,-1.2
"Retiro, Madrid","Getafe, Madrid",DRIVE,20:00,2026-02-27,14.99,25.4,23.4,-2.0
"Estación de Atocha, Madrid","Alcalá de Henares, Madrid",DRIVE,20:00,2026-02-27,33.74,31.6,29.2,-2.4
"Estación de Atocha, Madrid","Aranjuez, Madrid",DRIVE,20:00,2026-02-27,47.89,43.0,39.8,-3.2
"Estación de Atocha, Madrid","Alcobendas, Madrid",DRIVE,20:00,2026-02-27,18.7,19.5,18.2,-1.3
"Estación de Atocha, Madrid","San Sebastián de los Reyes, Madrid",DRIVE,20:00,2026-02-27,25.2,27.3,25.4,-1.9
"Estación de Atocha, Madrid","Móstoles, Madrid",DRIVE,20:00,2026-02-27,25.18,30.6,29.3,-1.3
"Estación de Atocha, Madrid","Fuenlabrada, Madrid",DRIVE,20:00,2026-02-27,22.96,27.1,25.2,-1.9
"Estación de Atocha, Madrid","Parla, Madrid",DRIVE,20:00,2026-02-27,24.36,29.1,27.3,-1.8
"Estación de Atocha, Madrid","Pinto, Madrid",DRIVE,20:00,2026-02-27,23.85,23.6,22.6,-1.0
"Estación de Chamartín, Madrid","Tres Cantos, Madrid",DRIVE,20:00,2026-02-27,16.68,17.7,17.0,-0.7
"Estación de Chamartín, Madrid","Colmenar Viejo, Madrid",DRIVE,20:00,2026-02-27,26.62,27.8,25.6,-2.2
"Estación de Chamartín, Madrid","Alcobendas, Madrid",DRIVE,20:00,2026-02-27,9.54,11.8,11.5,-0.3
"Moncloa, Madrid","Las Rozas de Madrid, Madrid",DRIVE,20:00,2026-02-27,17.9,15.8,15.1,-0.7
"Moncloa, Madrid","Majadahonda, Madrid",DRIVE,20:00,2026-02-27,18.27,16.4,15.8,-0.6
"Moncloa, Madrid","Pozuelo de Alarcón, Madrid",DRIVE,20:00,2026-02-27,10.63,13.0,12.4,-0.6
"Moncloa, Madrid","Boadilla del Monte, Madrid",DRIVE,20:00,2026-02-27,20.84,19.4,18.5,-0.9
"Moncloa, Madrid","Villanueva de la Cañada, Madrid",DRIVE,20:00,2026-02-27,34.15,29.0,28.1,-0.9
"Puerta del Sol, Madrid","Alcorcón, Madrid",DRIVE,20:00,2026-02-27,15.35,25.0,25.9,0.9
"Puerta del Sol, Madrid","Leganés, Madrid",DRIVE,20:00,2026-02-27,13.68,24.1,23.7,-0.4
"Puerta del Sol, Madrid","Getafe, Madrid",DRIVE,20:00,2026-02-27,14.4,26.2,24.9,-1.3
"Puerta del Sol, Madrid","Torrejón de Ardoz, Madrid",DRIVE,20:00,2026-02-27,30.81,36.5,34.1,-2.4
"Puerta del Sol, Madrid","Coslada, Madrid",DRIVE,20:00,2026-02-27,20.72,28.7,27.4,-1.3
"Estación de Atocha, Madrid",Toledo,DRIVE,20:00,2026-02-27,73.34,57.2,54.5,-2.7
"Estación de Atocha, Madrid",Segovia,DRIVE,20:00,2026-02-27,99.76,74.5,70.9,-3.6
"Estación de Atocha, Madrid",Ávila,DRIVE,20:00,2026-02-27,117.1,82.4,77.8,-4.6
"Estación de Atocha, Madrid",Cuenca,DRIVE,20:00,2026-02-27,164.27,98.5,93.9,-4.6
"Estación de Chamartín, Madrid",Valladolid,DRIVE,20:00,2026-02-27,208.61,133.7,132.0,-1.7
"Estación de Chamartín, Madrid",Burgos,DRIVE,20:00,2026-02-27,234.65,140.0,137.5,-2.5
"Estación de Chamartín, Madrid",Salamanca,DRIVE,20:00,2026-02-27,214.75,133.4,131.9,-1.5
"Estación de Atocha, Madrid",Córdoba,DRIVE,20:00,2026-02-27,392.87,238.5,239.2,0.7
"Estación de Atocha, Madrid",Ciudad Real,DRIVE,20:00,2026-02-27,190.37,134.3,133.6,-0.7
"Estación de Atocha, Madrid","Barcelona Sants, Barcelona",DRIVE,20:00,2026-02-27,613.8,366.8,374.4,7.6
"Estación de Atocha, Madrid","Valencia, España",DRIVE,20:00,2026-02-27,355.0,215.0,210.0,-5.0
"Estación de Atocha, Madrid","Sevilla, España",DRIVE,20:00,2026-02-27,534.39,307.4,300.9,-6.5
"Estación de Atocha, Madrid","Zaragoza, España",DRIVE,20:00,2026-02-27,314.08,193.5,195.3,1.8
"Estación de Atocha, Madrid","Málaga, España",DRIVE,20:00,2026-02-27,533.33,316.2,320.2,4.0
"Estación de Chamartín, Madrid","Bilbao, España",DRIVE,20:00,2026-02-27,387.98,233.3,230.2,-3.1
"Estación de Chamartín, Madrid","San Sebastián, España",DRIVE,20:00,2026-02-27,442.83,268.6,266.2,-2.4
"Alcalá de Henares, Madrid","Torrejón de Ardoz, Madrid",DRIVE,20:00,2026-02-27,14.38,18.7,17.4,-1.3
"Móstoles, Madrid","Alcorcón, Madrid",DRIVE,20:00,2026-02-27,8.93,15.5,15.6,0.1
"Móstoles, Madrid","Leganés, Madrid",DRIVE,20:00,2026-02-27,11.77,22.1,21.0,-1.1
"Móstoles, Madrid","Fuenlabrada, Madrid",DRIVE,20:00,2026-02-27,9.98,18.0,17.2,-0.8
"Getafe, Madrid","Parla, Madrid",DRIVE,20:00,2026-02-27,10.84,15.5,15.3,-0.2
"Getafe, Madrid","Leganés, Madrid",DRIVE,20:00,2026-02-27,4.77,12.6,11.9,-0.7
"Las Rozas de Madrid, Madrid","Majadahonda, Madrid",DRIVE,20:00,2026-02-27,3.12,7.1,5.7,-1.4
"Tres Cantos, Madrid","Alcobendas, Madrid",DRIVE,20:00,2026-02-27,17.22,15.6,15.4,-0.2
"Aranjuez, Madrid","Valdemoro, Madrid",DRIVE,20:00,2026-02-27,22.01,21.4,21.0,-0.4
"Aranjuez, Madrid","Ocaña, Toledo",DRIVE,20:00,2026-02-27,16.03,17.0,16.5,-0.5
"Puerta del Sol, Madrid","Aeropuerto Adolfo Suárez Madrid-Barajas, Madrid",TRANSIT,20:00,2026-02-27,15.7,34.1,,
"Puerta del Sol, Madrid","Estación de Atocha, Madrid",TRANSIT,20:00,2026-02-27,2.49,11.2,,
"Puerta del Sol, Madrid","Estación de Chamartín, Madrid",TRANSIT,20:00,2026-02-27,8.06,28.4,,
"Puerta del Sol, Madrid","Plaza de Castilla, Madrid",TRANSIT,20:00,2026-02-27,6.48,22.4,,
"Puerta del Sol, Madrid","Vallecas, Madrid",TRANSIT,20:00,2026-02-27,11.23,40.0,,
"Puerta del Sol, Madrid","Moncloa, Madrid",TRANSIT,20:00,2026-02-27,6.39,68.8,,
"Puerta del Sol, Madrid","Cuatro Caminos, Madrid",TRANSIT,20:00,2026-02-27,4.45,18.2,,
"Gran Vía, Madrid","Estadio Santiago Bernabéu, Madrid",TRANSIT,20:00,2026-02-27,4.66,28.5,,
"Gran Vía, Madrid","Estadio Cívitas Metropolitano, Madrid",TRANSIT,20:00,2026-02-27,14.73,45.2,,
"Nuevos Ministerios, Madrid","Aeropuerto Adolfo Suárez Madrid-Barajas, Madrid",TRANSIT,20:00,2026-02-27,12.29,20.7,,
"Nuevos Ministerios, Madrid","Estación de Atocha, Madrid",TRANSIT,20:00,2026-02-27,5.21,15.6,,
"Retiro, Madrid","Ciudad Universitaria, Madrid",TRANSIT,20:00,2026-02-27,7.69,41.8,,
"Retiro, Madrid","Leganés, Madrid",TRANSIT,20:00,2026-02-27,16.03,39.0,,
"Retiro, Madrid","Getafe, Madrid",TRANSIT,20:00,2026-02-27,14.87,40.6,,
"Estación de Atocha, Madrid","Alcalá de Henares, Madrid",TRANSIT,20:00,2026-02-27,33.21,42.2,,
"Estación de Atocha, Madrid","Aranjuez, Madrid",TRANSIT,20:00,2026-02-27,48.17,58.6,,
"Estación de Atocha, Madrid","Alcobendas, Madrid",TRANSIT,20:00,2026-02-27,18.86,49.2,,
"Estación de Atocha, Madrid","San Sebastián de los Reyes, Madrid",TRANSIT,20:00,2026-02-27,27.9,79.6,,
"Estación de Atocha, Madrid","Móstoles, Madrid",TRANSIT,20:00,2026-02-27,19.76,38.5,,
"Estación de Atocha, Madrid","Fuenlabrada, Madrid",TRANSIT,20:00,2026-02-27,21.62,43.9,,
"Estación de Atocha, Madrid","Parla, Madrid",TRANSIT,20:00,2026-02-27,21.86,41.4,,
"Estación de Atocha, Madrid","Pinto, Madrid",TRANSIT,20:00,2026-02-27,20.65,34.6,,
"Estación de Chamartín, Madrid","Tres Cantos, Madrid",TRANSIT,20:00,2026-02-27,15.34,24.5,,
"Estación de Chamartín, Madrid","Colmenar Viejo, Madrid",TRANSIT,20:00,2026-02-27,22.64,33.5,,
"Estación de Chamartín, Madrid","Alcobendas, Madrid",TRANSIT,20:00,2026-02-27,13.63,37.0,,
"Moncloa, Madrid","Las Rozas de Madrid, Madrid",TRANSIT,20:00,2026-02-27,17.78,59.8,,
"Moncloa, Madrid","Majadahonda, Madrid",TRANSIT,20:00,2026-02-27,14.83,74.6,,
"Moncloa, Madrid","Pozuelo de Alarcón, Madrid",TRANSIT,20:00,2026-02-27,5.66,43.9,,
"Moncloa, Madrid","Boadilla del Monte, Madrid",TRANSIT,20:00,2026-02-27,36.47,94.8,,
"Moncloa, Madrid","Villanueva de la Cañada, Madrid",TRANSIT,20:00,2026-02-27,42.27,96.3,,
"Puerta del Sol, Madrid","Alcorcón, Madrid",TRANSIT,20:00,2026-02-27,15.82,41.9,,
"Puerta del Sol, Madrid","Leganés, Madrid",TRANSIT,20:00,2026-02-27,16.1,29.5,,
"Puerta del Sol, Madrid","Getafe, Madrid",TRANSIT,20:00,2026-02-27,14.43,25.5,,
"Puerta del Sol, Madrid","Torrejón de Ardoz, Madrid",TRANSIT,20:00,2026-02-27,24.63,39.5,,
"Puerta del Sol, Madrid","Coslada, Madrid",TRANSIT,20:00,2026-02-27,16.55,30.5,,
"Estación de Atocha, Madrid",Toledo,TRANSIT,20:00,2026-02-27,69.71,94.7,,
"Estación de Atocha, Madrid",Segovia,TRANSIT,20:00,2026-02-27,109.23,123.6,,
"Estación de Atocha, Madrid",Ávila,TRANSIT,20:00,2026-02-27,129.29,142.9,,
"Estación de Atocha, Madrid",Cuenca,TRANSIT,20:00,2026-02-27,211.95,115.2,,
"Estación de Chamartín, Madrid",Valladolid,TRANSIT,20:00,2026-02-27,179.23,73.5,,
"Estación de Chamartín, Madrid",Burgos,TRANSIT,20:00,2026-02-27,216.14,203.2,,
"Estación de Chamartín, Madrid",Salamanca,TRANSIT,20:00,2026-02-27,243.1,108.5,,
"Estación de Atocha, Madrid",Córdoba,TRANSIT,20:00,2026-02-27,344.21,109.1,,
"Estación de Atocha, Madrid",Ciudad Real,TRANSIT,20:00,2026-02-27,171.32,64.0,,
"Estación de Atocha, Madrid","Barcelona Sants, Barcelona",TRANSIT,20:00,2026-02-27,607.34,183.1,,
"Estación de Atocha, Madrid","Valencia, España",TRANSIT,20:00,2026-02-27,310.62,312.6,,
"Estación de Atocha, Madrid","Zaragoza, España",TRANSIT,20:00,2026-02-27,306.57,79.0,,
"Estación de Atocha, Madrid","Málaga, España",TRANSIT,20:00,2026-02-27,536.46,170.1,,
"Estación de Chamartín, Madrid","Bilbao, España",TRANSIT,20:00,2026-02-27,322.43,278.1,,
"Estación de Chamartín, Madrid","San Sebastián, España",TRANSIT,20:00,2026-02-27,351.29,342.1,,
"Alcalá de Henares, Madrid","Torrejón de Ardoz, Madrid",TRANSIT,20:00,2026-02-27,10.37,9.0,,
"Móstoles, Madrid","Alcorcón, Madrid",TRANSIT,20:00,2026-02-27,8.38,23.7,,
"Móstoles, Madrid","Leganés, Madrid",TRANSIT,20:00,2026-02-27,13.27,26.2,,
"Móstoles, Madrid","Fuenlabrada, Madrid",TRANSIT,20:00,2026-02-27,10.65,46.2,,
"Getafe, Madrid","Parla, Madrid",TRANSIT,20:00,2026-02-27,9.03,20.8,,
"Getafe, Madrid","Leganés, Madrid",TRANSIT,20:00,2026-02-27,10.91,16.1,,
"Las Rozas de Madrid, Madrid","Majadahonda, Madrid",TRANSIT,20:00,2026-02-27,11.4,22.9,,
"Tres Cantos, Madrid","Alcobendas, Madrid",TRANSIT,20:00,2026-02-27,16.6,45.4,,
"Aranjuez, Madrid","Valdemoro, Madrid",TRANSIT,20:00,2026-02-27,22.47,28.5,,
"Aranjuez, Madrid","Ocaña, Toledo",TRANSIT,20:00,2026-02-27,16.96,15.0,,
"Puerta del Sol, Madrid","Aeropuerto Adolfo Suárez Madrid-Barajas, Madrid",DRIVE,21:00,2026-02-27,20.96,25.8,24.2,-1.6
"Puerta del Sol, Madrid","Estación de Atocha, Madrid",DRIVE,21:00,2026-02-27,3.71,15.1,14.0,-1.1
"Puerta del Sol, Madrid","Estación de Chamartín, Madrid",DRIVE,21:00,2026-02-27,18.03,27.1,25.2,-1.9
"Puerta del Sol, Madrid","Plaza de Castilla, Madrid",DRIVE,21:00,2026-02-27,12.59,26.6,24.5,-2.1
"Puerta del Sol, Madrid","Vallecas, Madrid",DRIVE,21:00,2026-02-27,18.78,22.6,21.8,-0.8
"Puerta del Sol, Madrid","Moncloa, Madrid",DRIVE,21:00,2026-02-27,11.92,20.5,19.0,-1.5
"Puerta del Sol, Madrid","Cuatro Caminos, Madrid",DRIVE,21:00,2026-02-27,6.51,21.9,20.9,-1.0
"Gran Vía, Madrid","Estadio Santiago Bernabéu, Madrid",DRIVE,21:00,2026-02-27,4.2,11.9,11.5,-0.4
"Gran Vía, Madrid","Estadio Cívitas Metropolitano, Madrid",DRIVE,21:00,2026-02-27,10.39,12.8,12.4,-0.4
"Nuevos Ministerios, Madrid","Aeropuerto Adolfo Suárez Madrid-Barajas, Madrid",DRIVE,21:00,2026-02-27,12.54,16.0,14.8,-1.2
"Nuevos Ministerios, Madrid","Estación de Atocha, Madrid",DRIVE,21:00,2026-02-27,5.83,17.7,17.3,-0.4
"Retiro, Madrid","Ciudad Universitaria, Madrid",DRIVE,21:00,2026-02-27,8.78,22.4,19.1,-3.3
"Retiro, Madrid","Leganés, Madrid",DRIVE,21:00,2026-02-27,14.27,23.3,20.7,-2.6
"Retiro, Madrid","Getafe, Madrid",DRIVE,21:00,2026-02-27,14.99,25.4,21.9,-3.5
"Estación de Atocha, Madrid","Alcalá de Henares, Madrid",DRIVE,21:00,2026-02-27,33.74,31.6,27.6,-4.0
"Estación de Atocha, Madrid","Aranjuez, Madrid",DRIVE,21:00,2026-02-27,47.89,43.0,38.7,-4.3
"Estación de Atocha, Madrid","Alcobendas, Madrid",DRIVE,21:00,2026-02-27,18.7,19.5,17.0,-2.5
"Estación de Atocha, Madrid","San Sebastián de los Reyes, Madrid",DRIVE,21:00,2026-02-27,25.2,27.3,23.9,-3.4
"Estación de Atocha, Madrid","Móstoles, Madrid",DRIVE,21:00,2026-02-27,25.18,30.6,26.8,-3.8
"Estación de Atocha, Madrid","Fuenlabrada, Madrid",DRIVE,21:00,2026-02-27,22.96,27.1,23.9,-3.2
"Estación de Atocha, Madrid","Parla, Madrid",DRIVE,21:00,2026-02-27,24.36,29.1,25.7,-3.4
"Estación de Atocha, Madrid","Pinto, Madrid",DRIVE,21:00,2026-02-27,23.85,23.6,21.1,-2.5
"Estación de Chamartín, Madrid","Tres Cantos, Madrid",DRIVE,21:00,2026-02-27,16.68,17.7,16.0,-1.7
"Estación de Chamartín, Madrid","Colmenar Viejo, Madrid",DRIVE,21:00,2026-02-27,26.62,27.8,25.2,-2.6
"Estación de Chamartín, Madrid","Alcobendas, Madrid",DRIVE,21:00,2026-02-27,9.54,11.8,10.6,-1.2
"Moncloa, Madrid","Las Rozas de Madrid, Madrid",DRIVE,21:00,2026-02-27,17.9,15.8,14.7,-1.1
"Moncloa, Madrid","Majadahonda, Madrid",DRIVE,21:00,2026-02-27,18.27,16.4,15.2,-1.2
"Moncloa, Madrid","Pozuelo de Alarcón, Madrid",DRIVE,21:00,2026-02-27,10.63,13.0,11.8,-1.2
"Moncloa, Madrid","Boadilla del Monte, Madrid",DRIVE,21:00,2026-02-27,20.84,19.4,17.9,-1.5
"Moncloa, Madrid","Villanueva de la Cañada, Madrid",DRIVE,21:00,2026-02-27,34.15,29.0,28.0,-1.0
"Puerta del Sol, Madrid","Alcorcón, Madrid",DRIVE,21:00,2026-02-27,15.35,25.0,23.8,-1.2
"Puerta del Sol, Madrid","Leganés, Madrid",DRIVE,21:00,2026-02-27,13.68,24.1,22.5,-1.6
"Puerta del Sol, Madrid","Getafe, Madrid",DRIVE,21:00,2026-02-27,14.4,26.2,23.8,-2.4
"Puerta del Sol, Madrid","Torrejón de Ardoz, Madrid",DRIVE,21:00,2026-02-27,30.81,36.5,32.6,-3.9
"Puerta del Sol, Madrid","Coslada, Madrid",DRIVE,21:00,2026-02-27,20.72,28.7,26.2,-2.5
"Estación de Atocha, Madrid",Toledo,DRIVE,21:00,2026-02-27,73.34,57.2,53.4,-3.8
"Estación de Atocha, Madrid",Segovia,DRIVE,21:00,2026-02-27,99.76,74.5,70.1,-4.4
"Estación de Atocha, Madrid",Ávila,DRIVE,21:00,2026-02-27,117.1,82.4,77.9,-4.5
"Estación de Atocha, Madrid",Cuenca,DRIVE,21:00,2026-02-27,164.27,98.5,92.6,-5.9
"Estación de Chamartín, Madrid",Valladolid,DRIVE,21:00,2026-02-27,208.61,133.7,133.2,-0.5
"Estación de Chamartín, Madrid",Burgos,DRIVE,21:00,2026-02-27,234.65,140.0,142.1,2.1
"Estación de Chamartín, Madrid",Salamanca,DRIVE,21:00,2026-02-27,214.75,133.4,132.7,-0.7
"Estación de Atocha, Madrid",Córdoba,DRIVE,21:00,2026-02-27,392.87,238.5,242.8,4.3
"Estación de Atocha, Madrid",Ciudad Real,DRIVE,21:00,2026-02-27,190.37,134.3,128.6,-5.7
"Estación de Atocha, Madrid","Barcelona Sants, Barcelona",DRIVE,21:00,2026-02-27,613.8,366.8,378.6,11.8
"Estación de Atocha, Madrid","Valencia, España",DRIVE,21:00,2026-02-27,355.0,215.0,212.9,-2.1
"Estación de Atocha, Madrid","Sevilla, España",DRIVE,21:00,2026-02-27,534.39,307.4,310.5,3.1
"Estación de Atocha, Madrid","Zaragoza, España",DRIVE,21:00,2026-02-27,314.08,193.5,196.9,3.4
"Estación de Atocha, Madrid","Málaga, España",DRIVE,21:00,2026-02-27,533.33,316.2,329.0,12.8
"Estación de Chamartín, Madrid","Bilbao, España",DRIVE,21:00,2026-02-27,387.98,233.3,237.8,4.5
"Estación de Chamartín, Madrid","San Sebastián, España",DRIVE,21:00,2026-02-27,442.83,268.6,274.0,5.4
"Alcalá de Henares, Madrid","Torrejón de Ardoz, Madrid",DRIVE,21:00,2026-02-27,14.38,18.7,16.6,-2.1
"Móstoles, Madrid","Alcorcón, Madrid",DRIVE,21:00,2026-02-27,8.93,15.5,14.1,-1.4
"Móstoles, Madrid","Leganés, Madrid",DRIVE,21:00,2026-02-27,11.77,22.1,20.1,-2.0
"Móstoles, Madrid","Fuenlabrada, Madrid",DRIVE,21:00,2026-02-27,9.98,18.0,16.2,-1.8
"Getafe, Madrid","Parla, Madrid",DRIVE,21:00,2026-02-27,10.84,15.5,14.1,-1.4
"Getafe, Madrid","Leganés, Madrid",DRIVE,21:00,2026-02-27,4.77,12.6,10.9,-1.7
"Las Rozas de Madrid, Madrid","Majadahonda, Madrid",DRIVE,21:00,2026-02-27,3.12,7.1,5.5,-1.6
"Tres Cantos, Madrid","Alcobendas, Madrid",DRIVE,21:00,2026-02-27,17.22,15.6,15.2,-0.4
"Aranjuez, Madrid","Valdemoro, Madrid",DRIVE,21:00,2026-02-27,22.01,21.4,20.4,-1.0
"Aranjuez, Madrid","Ocaña, Toledo",DRIVE,21:00,2026-02-27,16.03,17.0,16.3,-0.7
"Puerta del Sol, Madrid","Aeropuerto Adolfo Suárez Madrid-Barajas, Madrid",TRANSIT,21:00,2026-02-27,15.7,35.6,,
"Puerta del Sol, Madrid","Estación de Atocha, Madrid",TRANSIT,21:00,2026-02-27,2.49,11.2,,
"Puerta del Sol, Madrid","Estación de Chamartín, Madrid",TRANSIT,21:00,2026-02-27,8.06,28.4,,
"Puerta del Sol, Madrid","Plaza de Castilla, Madrid",TRANSIT,21:00,2026-02-27,6.48,22.4,,
"Puerta del Sol, Madrid","Vallecas, Madrid",TRANSIT,21:00,2026-02-27,11.23,40.0,,
"Puerta del Sol, Madrid","Moncloa, Madrid",TRANSIT,21:00,2026-02-27,11.71,62.4,,
"Puerta del Sol, Madrid","Cuatro Caminos, Madrid",TRANSIT,21:00,2026-02-27,4.45,18.2,,
"Gran Vía, Madrid","Estadio Santiago Bernabéu, Madrid",TRANSIT,21:00,2026-02-27,4.56,20.1,,
"Gran Vía, Madrid","Estadio Cívitas Metropolitano, Madrid",TRANSIT,21:00,2026-02-27,14.73,46.2,,
"Nuevos Ministerios, Madrid","Aeropuerto Adolfo Suárez Madrid-Barajas, Madrid",TRANSIT,21:00,2026-02-27,12.29,20.7,,
"Nuevos Ministerios, Madrid","Estación de Atocha, Madrid",TRANSIT,21:00,2026-02-27,5.48,17.6,,
"Retiro, Madrid","Ciudad Universitaria, Madrid",TRANSIT,21:00,2026-02-27,8.02,47.8,,
"Retiro, Madrid","Leganés, Madrid",TRANSIT,21:00,2026-02-27,16.96,39.7,,
"Retiro, Madrid","Getafe, Madrid",TRANSIT,21:00,2026-02-27,14.84,38.5,,
"Estación de Atocha, Madrid","Alcalá de Henares, Madrid",TRANSIT,21:00,2026-02-27,33.21,42.2,,
"Estación de Atocha, Madrid","Aranjuez, Madrid",TRANSIT,21:00,2026-02-27,45.97,57.6,,
"Estación de Atocha, Madrid","Alcobendas, Madrid",TRANSIT,21:00,2026-02-27,19.15,45.0,,
"Estación de Atocha, Madrid","San Sebastián de los Reyes, Madrid",TRANSIT,21:00,2026-02-27,27.9,80.2,,
"Estación de Atocha, Madrid","Móstoles, Madrid",TRANSIT,21:00,2026-02-27,19.76,38.5,,
"Estación de Atocha, Madrid","Fuenlabrada, Madrid",TRANSIT,21:00,2026-02-27,21.62,45.9,,
"Estación de Atocha, Madrid","Parla, Madrid",TRANSIT,21:00,2026-02-27,21.86,41.4,,
"Estación de Atocha, Madrid","Pinto, Madrid",TRANSIT,21:00,2026-02-27,19.98,26.6,,
"Estación de Chamartín, Madrid","Tres Cantos, Madrid",TRANSIT,21:00,2026-02-27,15.34,24.5,,
"Estación de Chamartín, Madrid","Colmenar Viejo, Madrid",TRANSIT,21:00,2026-02-27,22.64,33.5,,
"Estación de Chamartín, Madrid","Alcobendas, Madrid",TRANSIT,21:00,2026-02-27,13.63,37.0,,
"Moncloa, Madrid","Las Rozas de Madrid, Madrid",TRANSIT,21:00,2026-02-27,22.32,55.4,,
"Moncloa, Madrid","Majadahonda, Madrid",TRANSIT,21:00,2026-02-27,17.27,86.8,,
"Moncloa, Madrid","Pozuelo de Alarcón, Madrid",TRANSIT,21:00,2026-02-27,5.91,44.2,,
"Moncloa, Madrid","Boadilla del Monte, Madrid",TRANSIT,21:00,2026-02-27,30.3,90.2,,
"Moncloa, Madrid","Villanueva de la Cañada, Madrid",TRANSIT,21:00,2026-02-27,44.45,96.0,,
"Puerta del Sol, Madrid","Alcorcón, Madrid",TRANSIT,21:00,2026-02-27,17.56,52.9,,
"Puerta del Sol, Madrid","Leganés, Madrid",TRANSIT,21:00,2026-02-27,16.67,31.5,,
"Puerta del Sol, Madrid","Getafe, Madrid",TRANSIT,21:00,2026-02-27,14.43,25.5,,
"Puerta del Sol, Madrid","Torrejón de Ardoz, Madrid",TRANSIT,21:00,2026-02-27,24.63,43.5,,
"Puerta del Sol, Madrid","Coslada, Madrid",TRANSIT,21:00,2026-02-27,16.55,34.5,,
"Estación de Atocha, Madrid",Toledo,TRANSIT,21:00,2026-02-27,69.0,97.7,,
"Estación de Atocha, Madrid",Segovia,TRANSIT,21:00,2026-02-27,109.23,123.6,,
"Estación de Atocha, Madrid",Ávila,TRANSIT,21:00,2026-02-27,301.56,518.2,,
"Estación de Atocha, Madrid",Cuenca,TRANSIT,21:00,2026-02-27,211.95,115.2,,
"Estación de Chamartín, Madrid",Valladolid,TRANSIT,21:00,2026-02-27,188.95,170.5,,
"Estación de Chamartín, Madrid",Burgos,TRANSIT,21:00,2026-02-27,216.1,182.7,,
"Estación de Chamartín, Madrid",Salamanca,TRANSIT,21:00,2026-02-27,465.17,497.7,,
"Estación de Atocha, Madrid",Córdoba,TRANSIT,21:00,2026-02-27,344.2,118.1,,
"Estación de Atocha, Madrid",Ciudad Real,TRANSIT,21:00,2026-02-27,171.32,64.0,,
"Estación de Atocha, Madrid","Barcelona Sants, Barcelona",TRANSIT,21:00,2026-02-27,531.08,479.8,,
"Estación de Atocha, Madrid","Valencia, España",TRANSIT,21:00,2026-02-27,310.62,312.6,,
"Estación de Atocha, Madrid","Sevilla, España",TRANSIT,21:00,2026-02-27,593.55,561.2,,
"Estación de Atocha, Madrid","Zaragoza, España",TRANSIT,21:00,2026-02-27,274.62,241.2,,
"Estación de Atocha, Madrid","Málaga, España",TRANSIT,21:00,2026-02-27,463.04,459.9,,
"Estación de Chamartín, Madrid","Bilbao, España",TRANSIT,21:00,2026-02-27,326.39,279.8,,
"Estación de Chamartín, Madrid","San Sebastián, España",TRANSIT,21:00,2026-02-27,351.29,342.1,,
"Alcalá de Henares, Madrid","Torrejón de Ardoz, Madrid",TRANSIT,21:00,2026-02-27,10.37,9.0,,
"Móstoles, Madrid","Alcorcón, Madrid",TRANSIT,21:00,2026-02-27,8.41,27.3,,
"Móstoles, Madrid","Leganés, Madrid",TRANSIT,21:00,2026-02-27,13.27,26.2,,
"Móstoles, Madrid","Fuenlabrada, Madrid",TRANSIT,21:00,2026-02-27,10.65,46.2,,
"Getafe, Madrid","Parla, Madrid",TRANSIT,21:00,2026-02-27,9.03,20.8,,
"Getafe, Madrid","Leganés, Madrid",TRANSIT,21:00,2026-02-27,10.91,16.1,,
"Las Rozas de Madrid, Madrid","Majadahonda, Madrid",TRANSIT,21:00,2026-02-27,12.26,31.0,,
"Tres Cantos, Madrid","Alcobendas, Madrid",TRANSIT,21:00,2026-02-27,28.81,42.8,,
"Aranjuez, Madrid","Valdemoro, Madrid",TRANSIT,21:00,2026-02-27,21.05,41.0,,
"Aranjuez, Madrid","Ocaña, Toledo",TRANSIT,21:00,2026-02-27,16.96,15.0,,
"Puerta del Sol, Madrid","Aeropuerto Adolfo Suárez Madrid-Barajas, Madrid",DRIVE,22:00,2026-02-27,20.96,25.8,22.9,-2.9
"Puerta del Sol, Madrid","Estación de Atocha, Madrid",DRIVE,22:00,2026-02-27,3.71,15.1,12.8,-2.3
"Puerta del Sol, Madrid","Estación de Chamartín, Madrid",DRIVE,22:00,2026-02-27,18.03,27.1,24.4,-2.7
"Puerta del Sol, Madrid","Plaza de Castilla, Madrid",DRIVE,22:00,2026-02-27,12.59,26.6,23.3,-3.3
"Puerta del Sol, Madrid","Vallecas, Madrid",DRIVE,22:00,2026-02-27,18.78,22.6,20.5,-2.1
"Puerta del Sol, Madrid","Moncloa, Madrid",DRIVE,22:00,2026-02-27,11.92,20.5,17.9,-2.6
"Puerta del Sol, Madrid","Cuatro Caminos, Madrid",DRIVE,22:00,2026-02-27,6.51,21.9,19.1,-2.8
"Gran Vía, Madrid","Estadio Santiago Bernabéu, Madrid",DRIVE,22:00,2026-02-27,4.2,11.9,11.6,-0.3
"Gran Vía, Madrid","Estadio Cívitas Metropolitano, Madrid",DRIVE,22:00,2026-02-27,10.39,12.8,12.2,-0.6
"Nuevos Ministerios, Madrid","Aeropuerto Adolfo Suárez Madrid-Barajas, Madrid",DRIVE,22:00,2026-02-27,12.54,16.0,14.2,-1.8
"Nuevos Ministerios, Madrid","Estación de Atocha, Madrid",DRIVE,22:00,2026-02-27,5.83,17.7,14.8,-2.9
"Retiro, Madrid","Ciudad Universitaria, Madrid",DRIVE,22:00,2026-02-27,8.78,22.4,18.6,-3.8
"Retiro, Madrid","Leganés, Madrid",DRIVE,22:00,2026-02-27,14.27,23.3,19.4,-3.9
"Retiro, Madrid","Getafe, Madrid",DRIVE,22:00,2026-02-27,14.99,25.4,20.8,-4.6
"Estación de Atocha, Madrid","Alcalá de Henares, Madrid",DRIVE,22:00,2026-02-27,33.74,31.6,27.0,-4.6
"Estación de Atocha, Madrid","Aranjuez, Madrid",DRIVE,22:00,2026-02-27,47.89,43.0,38.1,-4.9
"Estación de Atocha, Madrid","Alcobendas, Madrid",DRIVE,22:00,2026-02-27,18.7,19.5,16.7,-2.8
"Estación de Atocha, Madrid","San Sebastián de los Reyes, Madrid",DRIVE,22:00,2026-02-27,25.2,27.3,23.6,-3.7
"Estación de Atocha, Madrid","Móstoles, Madrid",DRIVE,22:00,2026-02-27,25.18,30.6,25.1,-5.5
"Estación de Atocha, Madrid","Fuenlabrada, Madrid",DRIVE,22:00,2026-02-27,22.96,27.1,23.0,-4.1
"Estación de Atocha, Madrid","Parla, Madrid",DRIVE,22:00,2026-02-27,24.36,29.1,24.1,-5.0
"Estación de Atocha, Madrid","Pinto, Madrid",DRIVE,22:00,2026-02-27,23.85,23.6,20.2,-3.4
"Estación de Chamartín, Madrid","Tres Cantos, Madrid",DRIVE,22:00,2026-02-27,16.68,17.7,15.8,-1.9
"Estación de Chamartín, Madrid","Colmenar Viejo, Madrid",DRIVE,22:00,2026-02-27,26.62,27.8,24.4,-3.4
"Estación de Chamartín, Madrid","Alcobendas, Madrid",DRIVE,22:00,2026-02-27,9.54,11.8,10.5,-1.3
"Moncloa, Madrid","Las Rozas de Madrid, Madrid",DRIVE,22:00,2026-02-27,17.9,15.8,14.5,-1.3
"Moncloa, Madrid","Majadahonda, Madrid",DRIVE,22:00,2026-02-27,18.27,16.4,15.1,-1.3
"Moncloa, Madrid","Pozuelo de Alarcón, Madrid",DRIVE,22:00,2026-02-27,10.63,13.0,11.9,-1.1
"Moncloa, Madrid","Boadilla del Monte, Madrid",DRIVE,22:00,2026-02-27,20.84,19.4,18.1,-1.3
"Moncloa, Madrid","Villanueva de la Cañada, Madrid",DRIVE,22:00,2026-02-27,34.15,29.0,27.6,-1.4
"Puerta del Sol, Madrid","Alcorcón, Madrid",DRIVE,22:00,2026-02-27,15.35,25.0,22.3,-2.7
"Puerta del Sol, Madrid","Leganés, Madrid",DRIVE,22:00,2026-02-27,13.68,24.1,20.8,-3.3
"Puerta del Sol, Madrid","Getafe, Madrid",DRIVE,22:00,2026-02-27,14.4,26.2,22.4,-3.8
"Puerta del Sol, Madrid","Torrejón de Ardoz, Madrid",DRIVE,22:00,2026-02-27,30.81,36.5,31.5,-5.0
"Puerta del Sol, Madrid","Coslada, Madrid",DRIVE,22:00,2026-02-27,20.72,28.7,24.9,-3.8
"Estación de Atocha, Madrid",Toledo,DRIVE,22:00,2026-02-27,73.34,57.2,51.5,-5.7
"Estación de Atocha, Madrid",Segovia,DRIVE,22:00,2026-02-27,99.76,74.5,69.3,-5.2
"Estación de Atocha, Madrid",Ávila,DRIVE,22:00,2026-02-27,117.1,82.4,77.8,-4.6
"Estación de Atocha, Madrid",Cuenca,DRIVE,22:00,2026-02-27,164.27,98.5,95.2,-3.3
"Estación de Chamartín, Madrid",Valladolid,DRIVE,22:00,2026-02-27,208.61,133.7,132.8,-0.9
"Estación de Chamartín, Madrid",Burgos,DRIVE,22:00,2026-02-27,234.65,140.0,146.3,6.3
"Estación de Chamartín, Madrid",Salamanca,DRIVE,22:00,2026-02-27,214.75,133.4,134.1,0.7
"Estación de Atocha, Madrid",Córdoba,DRIVE,22:00,2026-02-27,392.87,238.5,245.9,7.4
"Estación de Atocha, Madrid",Ciudad Real,DRIVE,22:00,2026-02-27,190.37,134.3,127.0,-7.3
"Estación de Atocha, Madrid","Barcelona Sants, Barcelona",DRIVE,22:00,2026-02-27,613.8,366.8,380.2,13.4
"Estación de Atocha, Madrid","Valencia, España",DRIVE,22:00,2026-02-27,355.0,215.0,217.3,2.3
"Estación de Atocha, Madrid","Sevilla, España",DRIVE,22:00,2026-02-27,534.39,307.4,315.8,8.4
"Estación de Atocha, Madrid","Zaragoza, España",DRIVE,22:00,2026-02-27,314.08,193.5,197.9,4.4
"Estación de Atocha, Madrid","Málaga, España",DRIVE,22:00,2026-02-27,533.33,316.2,330.9,14.7
"Estación de Chamartín, Madrid","Bilbao, España",DRIVE,22:00,2026-02-27,387.98,233.3,245.0,11.7
"Estación de Chamartín, Madrid","San Sebastián, España",DRIVE,22:00,2026-02-27,442.83,268.6,281.7,13.1
"Alcalá de Henares, Madrid","Torrejón de Ardoz, Madrid",DRIVE,22:00,2026-02-27,14.38,18.7,16.1,-2.6
"Móstoles, Madrid","Alcorcón, Madrid",DRIVE,22:00,2026-02-27,8.93,15.5,12.7,-2.8
"Móstoles, Madrid","Leganés, Madrid",DRIVE,22:00,2026-02-27,11.77,22.1,19.1,-3.0
"Móstoles, Madrid","Fuenlabrada, Madrid",DRIVE,22:00,2026-02-27,9.98,18.0,15.3,-2.7
"Getafe, Madrid","Parla, Madrid",DRIVE,22:00,2026-02-27,10.84,15.5,13.6,-1.9
"Getafe, Madrid","Leganés, Madrid",DRIVE,22:00,2026-02-27,4.77,12.6,10.5,-2.1
"Las Rozas de Madrid, Madrid","Majadahonda, Madrid",DRIVE,22:00,2026-02-27,3.12,7.1,5.2,-1.9
"Tres Cantos, Madrid","Alcobendas, Madrid",DRIVE,22:00,2026-02-27,17.22,15.6,15.0,-0.6
"Aranjuez, Madrid","Valdemoro, Madrid",DRIVE,22:00,2026-02-27,22.01,21.4,20.5,-0.9
"Aranjuez, Madrid","Ocaña, Toledo",DRIVE,22:00,2026-02-27,16.03,17.0,16.4,-0.6
"Puerta del Sol, Madrid","Aeropuerto Adolfo Suárez Madrid-Barajas, Madrid",TRANSIT,22:00,2026-02-27,15.7,35.6,,
"Puerta del Sol, Madrid","Estación de Atocha, Madrid",TRANSIT,22:00,2026-02-27,2.11,11.6,,
"Puerta del Sol, Madrid","Estación de Chamartín, Madrid",TRANSIT,22:00,2026-02-27,6.93,22.9,,
"Puerta del Sol, Madrid","Plaza de Castilla, Madrid",TRANSIT,22:00,2026-02-27,6.48,22.4,,
"Puerta del Sol, Madrid","Vallecas, Madrid",TRANSIT,22:00,2026-02-27,11.23,40.0,,
"Puerta del Sol, Madrid","Moncloa, Madrid",TRANSIT,22:00,2026-02-27,6.64,60.0,,
"Puerta del Sol, Madrid","Cuatro Caminos, Madrid",TRANSIT,22:00,2026-02-27,4.45,18.2,,
"Gran Vía, Madrid","Estadio Santiago Bernabéu, Madrid",TRANSIT,22:00,2026-02-27,4.66,23.7,,
"Gran Vía, Madrid","Estadio Cívitas Metropolitano, Madrid",TRANSIT,22:00,2026-02-27,11.27,38.5,,
"Nuevos Ministerios, Madrid","Aeropuerto Adolfo Suárez Madrid-Barajas, Madrid",TRANSIT,22:00,2026-02-27,12.29,20.7,,
"Nuevos Ministerios, Madrid","Estación de Atocha, Madrid",TRANSIT,22:00,2026-02-27,5.48,17.6,,
"Retiro, Madrid","Ciudad Universitaria, Madrid",TRANSIT,22:00,2026-02-27,10.53,46.0,,
"Retiro, Madrid","Leganés, Madrid",TRANSIT,22:00,2026-02-27,16.03,44.6,,
"Retiro, Madrid","Getafe, Madrid",TRANSIT,22:00,2026-02-27,14.84,38.0,,
"Estación de Atocha, Madrid","Alcalá de Henares, Madrid",TRANSIT,22:00,2026-02-27,33.21,42.2,,
"Estación de Atocha, Madrid","Aranjuez, Madrid",TRANSIT,22:00,2026-02-27,46.23,64.4,,
"Estación de Atocha, Madrid","Alcobendas, Madrid",TRANSIT,22:00,2026-02-27,19.15,54.5,,
"Estación de Atocha, Madrid","San Sebastián de los Reyes, Madrid",TRANSIT,22:00,2026-02-27,27.9,82.1,,
"Estación de Atocha, Madrid","Móstoles, Madrid",TRANSIT,22:00,2026-02-27,19.76,38.5,,
"Estación de Atocha, Madrid","Fuenlabrada, Madrid",TRANSIT,22:00,2026-02-27,21.62,45.9,,
"Estación de Atocha, Madrid","Parla, Madrid",TRANSIT,22:00,2026-02-27,21.86,41.4,,
"Estación de Atocha, Madrid","Pinto, Madrid",TRANSIT,22:00,2026-02-27,19.68,46.6,,
"Estación de Chamartín, Madrid","Tres Cantos, Madrid",TRANSIT,22:00,2026-02-27,15.34,24.5,,
"Estación de Chamartín, Madrid","Colmenar Viejo, Madrid",TRANSIT,22:00,2026-02-27,22.64,33.5,,
"Estación de Chamartín, Madrid","Alcobendas, Madrid",TRANSIT,22:00,2026-02-27,13.63,37.0,,
"Moncloa, Madrid","Las Rozas de Madrid, Madrid",TRANSIT,22:00,2026-02-27,22.27,81.9,,
"Moncloa, Madrid","Majadahonda, Madrid",TRANSIT,22:00,2026-02-27,15.28,84.6,,
"Moncloa, Madrid","Pozuelo de Alarcón, Madrid",TRANSIT,22:00,2026-02-27,5.78,42.9,,
"Moncloa, Madrid","Boadilla del Monte, Madrid",TRANSIT,22:00,2026-02-27,30.3,95.2,,
"Moncloa, Madrid","Villanueva de la Cañada, Madrid",TRANSIT,22:00,2026-02-27,44.35,114.9,,
"Puerta del Sol, Madrid","Alcorcón, Madrid",TRANSIT,22:00,2026-02-27,17.7,50.6,,
"Puerta del Sol, Madrid","Leganés, Madrid",TRANSIT,22:00,2026-02-27,16.64,32.5,,
"Puerta del Sol, Madrid","Getafe, Madrid",TRANSIT,22:00,2026-02-27,14.43,25.5,,
"Puerta del Sol, Madrid","Torrejón de Ardoz, Madrid",TRANSIT,22:00,2026-02-27,24.63,42.5,,
"Puerta del Sol, Madrid","Coslada, Madrid",TRANSIT,22:00,2026-02-27,16.55,33.5,,
"Estación de Atocha, Madrid",Toledo,TRANSIT,22:00,2026-02-27,69.04,138.2,,
"Estación de Atocha, Madrid",Segovia,TRANSIT,22:00,2026-02-27,109.23,123.6,,
"Estación de Atocha, Madrid",Cuenca,TRANSIT,22:00,2026-02-27,211.95,115.2,,
"Estación de Chamartín, Madrid",Valladolid,TRANSIT,22:00,2026-02-27,189.51,179.2,,
"Estación de Chamartín, Madrid",Burgos,TRANSIT,22:00,2026-02-27,216.1,182.7,,
"Estación de Chamartín, Madrid",Salamanca,TRANSIT,22:00,2026-02-27,465.17,497.7,,
"Estación de Atocha, Madrid",Córdoba,TRANSIT,22:00,2026-02-27,344.2,118.1,,
"Estación de Atocha, Madrid",Ciudad Real,TRANSIT,22:00,2026-02-27,171.32,58.1,,
"Estación de Atocha, Madrid","Barcelona Sants, Barcelona",TRANSIT,22:00,2026-02-27,531.08,479.8,,
"Estación de Atocha, Madrid","Valencia, España",TRANSIT,22:00,2026-02-27,407.01,151.2,,
"Estación de Atocha, Madrid","Sevilla, España",TRANSIT,22:00,2026-02-27,470.82,173.1,,
"Estación de Atocha, Madrid","Zaragoza, España",TRANSIT,22:00,2026-02-27,274.62,241.2,,
"Estación de Atocha, Madrid","Málaga, España",TRANSIT,22:00,2026-02-27,463.04,459.9,,
"Estación de Chamartín, Madrid","Bilbao, España",TRANSIT,22:00,2026-02-27,326.39,279.8,,
"Estación de Chamartín, Madrid","San Sebastián, España",TRANSIT,22:00,2026-02-27,351.29,342.1,,
"Alcalá de Henares, Madrid","Torrejón de Ardoz, Madrid",TRANSIT,22:00,2026-02-27,10.37,9.0,,
"Móstoles, Madrid","Alcorcón, Madrid",TRANSIT,22:00,2026-02-27,8.41,27.3,,
"Móstoles, Madrid","Leganés, Madrid",TRANSIT,22:00,2026-02-27,13.27,26.2,,
"Móstoles, Madrid","Fuenlabrada, Madrid",TRANSIT,22:00,2026-02-27,10.65,46.2,,
"Getafe, Madrid","Parla, Madrid",TRANSIT,22:00,2026-02-27,9.03,20.8,,
"Getafe, Madrid","Leganés, Madrid",TRANSIT,22:00,2026-02-27,10.91,16.1,,
"Las Rozas de Madrid, Madrid","Majadahonda, Madrid",TRANSIT,22:00,2026-02-27,12.26,43.0,,
"Tres Cantos, Madrid","Alcobendas, Madrid",TRANSIT,22:00,2026-02-27,13.74,42.5,,
"Aranjuez, Madrid","Valdemoro, Madrid",TRANSIT,22:00,2026-02-27,62.74,63.3,,
"Aranjuez, Madrid","Ocaña, Toledo",TRANSIT,22:00,2026-02-27,16.96,15.0,,
"Puerta del Sol, Madrid","Aeropuerto Adolfo Suárez Madrid-Barajas, Madrid",DRIVE,23:00,2026-02-27,20.96,25.8,23.3,-2.5
"Puerta del Sol, Madrid","Estación de Atocha, Madrid",DRIVE,23:00,2026-02-27,3.71,15.1,13.2,-1.9
"Puerta del Sol, Madrid","Estación de Chamartín, Madrid",DRIVE,23:00,2026-02-27,18.03,27.1,24.4,-2.7
"Puerta del Sol, Madrid","Plaza de Castilla, Madrid",DRIVE,23:00,2026-02-27,12.59,26.6,23.0,-3.6
"Puerta del Sol, Madrid","Vallecas, Madrid",DRIVE,23:00,2026-02-27,18.78,22.6,20.9,-1.7
"Puerta del Sol, Madrid","Moncloa, Madrid",DRIVE,23:00,2026-02-27,11.92,20.5,17.7,-2.8
"Puerta del Sol, Madrid","Cuatro Caminos, Madrid",DRIVE,23:00,2026-02-27,6.51,21.9,19.2,-2.7
"Gran Vía, Madrid","Estadio Santiago Bernabéu, Madrid",DRIVE,23:00,2026-02-27,4.2,11.9,11.5,-0.4
"Gran Vía, Madrid","Estadio Cívitas Metropolitano, Madrid",DRIVE,23:00,2026-02-27,10.39,12.8,12.1,-0.7
"Nuevos Ministerios, Madrid","Aeropuerto Adolfo Suárez Madrid-Barajas, Madrid",DRIVE,23:00,2026-02-27,12.54,16.0,14.0,-2.0
"Nuevos Ministerios, Madrid","Estación de Atocha, Madrid",DRIVE,23:00,2026-02-27,5.83,17.7,14.8,-2.9
"Retiro, Madrid","Ciudad Universitaria, Madrid",DRIVE,23:00,2026-02-27,8.78,22.4,18.3,-4.1
"Retiro, Madrid","Leganés, Madrid",DRIVE,23:00,2026-02-27,14.27,23.3,19.1,-4.2
"Retiro, Madrid","Getafe, Madrid",DRIVE,23:00,2026-02-27,14.99,25.4,20.8,-4.6
"Estación de Atocha, Madrid","Alcalá de Henares, Madrid",DRIVE,23:00,2026-02-27,33.74,31.6,27.0,-4.6
"Estación de Atocha, Madrid","Aranjuez, Madrid",DRIVE,23:00,2026-02-27,47.89,43.0,37.5,-5.5
"Estación de Atocha, Madrid","Alcobendas, Madrid",DRIVE,23:00,2026-02-27,18.7,19.5,16.6,-2.9
"Estación de Atocha, Madrid","San Sebastián de los Reyes, Madrid",DRIVE,23:00,2026-02-27,25.2,27.3,23.5,-3.8
"Estación de Atocha, Madrid","Móstoles, Madrid",DRIVE,23:00,2026-02-27,25.18,30.6,25.4,-5.2
"Estación de Atocha, Madrid","Fuenlabrada, Madrid",DRIVE,23:00,2026-02-27,22.96,27.1,23.2,-3.9
"Estación de Atocha, Madrid","Parla, Madrid",DRIVE,23:00,2026-02-27,24.36,29.1,24.4,-4.7
"Estación de Atocha, Madrid","Pinto, Madrid",DRIVE,23:00,2026-02-27,23.85,23.6,20.2,-3.4
"Estación de Chamartín, Madrid","Tres Cantos, Madrid",DRIVE,23:00,2026-02-27,16.68,17.7,15.8,-1.9
"Estación de Chamartín, Madrid","Colmenar Viejo, Madrid",DRIVE,23:00,2026-02-27,26.62,27.8,24.4,-3.4
"Estación de Chamartín, Madrid","Alcobendas, Madrid",DRIVE,23:00,2026-02-27,9.54,11.8,10.4,-1.4
"Moncloa, Madrid","Las Rozas de Madrid, Madrid",DRIVE,23:00,2026-02-27,17.9,15.8,14.8,-1.0
"Moncloa, Madrid","Majadahonda, Madrid",DRIVE,23:00,2026-02-27,18.27,16.4,15.2,-1.2
"Moncloa, Madrid","Pozuelo de Alarcón, Madrid",DRIVE,23:00,2026-02-27,10.63,13.0,11.9,-1.1
"Moncloa, Madrid","Boadilla del Monte, Madrid",DRIVE,23:00,2026-02-27,20.84,19.4,17.9,-1.5
"Moncloa, Madrid","Villanueva de la Cañada, Madrid",DRIVE,23:00,2026-02-27,34.15,29.0,27.4,-1.6
"Puerta del Sol, Madrid","Alcorcón, Madrid",DRIVE,23:00,2026-02-27,15.35,25.0,22.5,-2.5
"Puerta del Sol, Madrid","Leganés, Madrid",DRIVE,23:00,2026-02-27,13.68,24.1,21.0,-3.1
"Puerta del Sol, Madrid","Getafe, Madrid",DRIVE,23:00,2026-02-27,14.4,26.2,22.7,-3.5
"Puerta del Sol, Madrid","Torrejón de Ardoz, Madrid",DRIVE,23:00,2026-02-27,30.81,36.5,31.7,-4.8
"Puerta del Sol, Madrid","Coslada, Madrid",DRIVE,23:00,2026-02-27,20.72,28.7,25.4,-3.3
"Estación de Atocha, Madrid",Toledo,DRIVE,23:00,2026-02-27,73.34,57.2,51.6,-5.6
"Estación de Atocha, Madrid",Segovia,DRIVE,23:00,2026-02-27,99.76,74.5,68.9,-5.6
"Estación de Atocha, Madrid",Ávila,DRIVE,23:00,2026-02-27,117.1,82.4,77.1,-5.3
"Estación de Atocha, Madrid",Cuenca,DRIVE,23:00,2026-02-27,164.27,98.5,89.9,-8.6
"Estación de Chamartín, Madrid",Valladolid,DRIVE,23:00,2026-02-27,208.61,133.7,133.1,-0.6
"Estación de Chamartín, Madrid",Burgos,DRIVE,23:00,2026-02-27,234.65,140.0,145.4,5.4
"Estación de Chamartín, Madrid",Salamanca,DRIVE,23:00,2026-02-27,214.75,133.4,132.8,-0.6
"Estación de Atocha, Madrid",Córdoba,DRIVE,23:00,2026-02-27,392.87,238.5,245.2,6.7
"Estación de Atocha, Madrid",Ciudad Real,DRIVE,23:00,2026-02-27,190.37,134.3,129.8,-4.5
"Estación de Atocha, Madrid","Barcelona Sants, Barcelona",DRIVE,23:00,2026-02-27,613.8,366.8,371.5,4.7
"Estación de Atocha, Madrid","Valencia, España",DRIVE,23:00,2026-02-27,355.0,215.0,218.6,3.6
"Estación de Atocha, Madrid","Sevilla, España",DRIVE,23:00,2026-02-27,534.39,307.4,317.2,9.8
"Estación de Atocha, Madrid","Zaragoza, España",DRIVE,23:00,2026-02-27,314.08,193.5,193.5,0.0
"Estación de Atocha, Madrid","Málaga, España",DRIVE,23:00,2026-02-27,533.33,316.2,330.9,14.7
"Estación de Chamartín, Madrid","Bilbao, España",DRIVE,23:00,2026-02-27,387.98,233.3,245.5,12.2
"Estación de Chamartín, Madrid","San Sebastián, España",DRIVE,23:00,2026-02-27,442.83,268.6,281.5,12.9
"Alcalá de Henares, Madrid","Torrejón de Ardoz, Madrid",DRIVE,23:00,2026-02-27,14.38,18.7,15.7,-3.0
"Móstoles, Madrid","Alcorcón, Madrid",DRIVE,23:00,2026-02-27,8.93,15.5,12.5,-3.0
"Móstoles, Madrid","Leganés, Madrid",DRIVE,23:00,2026-02-27,11.77,22.1,18.9,-3.2
"Móstoles, Madrid","Fuenlabrada, Madrid",DRIVE,23:00,2026-02-27,9.98,18.0,15.1,-2.9
"Getafe, Madrid","Parla, Madrid",DRIVE,23:00,2026-02-27,10.84,15.5,13.3,-2.2
"Getafe, Madrid","Leganés, Madrid",DRIVE,23:00,2026-02-27,4.77,12.6,10.3,-2.3
"Las Rozas de Madrid, Madrid","Majadahonda, Madrid",DRIVE,23:00,2026-02-27,3.12,7.1,5.2,-1.9
"Tres Cantos, Madrid","Alcobendas, Madrid",DRIVE,23:00,2026-02-27,17.22,15.6,15.1,-0.5
"Aranjuez, Madrid","Valdemoro, Madrid",DRIVE,23:00,2026-02-27,22.01,21.4,20.5,-0.9
"Aranjuez, Madrid","Ocaña, Toledo",DRIVE,23:00,2026-02-27,16.03,17.0,16.6,-0.4
"Puerta del Sol, Madrid","Aeropuerto Adolfo Suárez Madrid-Barajas, Madrid",TRANSIT,23:00,2026-02-27,15.7,43.1,,
"Puerta del Sol, Madrid","Estación de Atocha, Madrid",TRANSIT,23:00,2026-02-27,2.08,10.6,,
"Puerta del Sol, Madrid","Estación de Chamartín, Madrid",TRANSIT,23:00,2026-02-27,6.93,21.9,,
"Puerta del Sol, Madrid","Plaza de Castilla, Madrid",TRANSIT,23:00,2026-02-27,6.48,22.4,,
"Puerta del Sol, Madrid","Vallecas, Madrid",TRANSIT,23:00,2026-02-27,11.23,40.0,,
"Puerta del Sol, Madrid","Moncloa, Madrid",TRANSIT,23:00,2026-02-27,6.61,57.1,,
"Puerta del Sol, Madrid","Cuatro Caminos, Madrid",TRANSIT,23:00,2026-02-27,4.45,18.2,,
"Gran Vía, Madrid","Estadio Santiago Bernabéu, Madrid",TRANSIT,23:00,2026-02-27,4.4,23.4,,
"Gran Vía, Madrid","Estadio Cívitas Metropolitano, Madrid",TRANSIT,23:00,2026-02-27,14.73,53.7,,
"Nuevos Ministerios, Madrid","Aeropuerto Adolfo Suárez Madrid-Barajas, Madrid",TRANSIT,23:00,2026-02-27,12.29,20.7,,
"Nuevos Ministerios, Madrid","Estación de Atocha, Madrid",TRANSIT,23:00,2026-02-27,5.44,16.6,,
"Retiro, Madrid","Ciudad Universitaria, Madrid",TRANSIT,23:00,2026-02-27,11.32,58.3,,
"Retiro, Madrid","Leganés, Madrid",TRANSIT,23:00,2026-02-27,14.32,43.2,,
"Retiro, Madrid","Getafe, Madrid",TRANSIT,23:00,2026-02-27,17.49,48.3,,
"Estación de Atocha, Madrid","Alcalá de Henares, Madrid",TRANSIT,23:00,2026-02-27,33.26,82.5,,
"Estación de Atocha, Madrid","Aranjuez, Madrid",TRANSIT,23:00,2026-02-27,52.61,77.3,,
"Estación de Atocha, Madrid","Alcobendas, Madrid",TRANSIT,23:00,2026-02-27,21.54,57.5,,
"Estación de Atocha, Madrid","San Sebastián de los Reyes, Madrid",TRANSIT,23:00,2026-02-27,27.9,82.1,,
"Estación de Atocha, Madrid","Móstoles, Madrid",TRANSIT,23:00,2026-02-27,19.76,38.5,,
"Estación de Atocha, Madrid","Fuenlabrada, Madrid",TRANSIT,23:00,2026-02-27,25.85,38.4,,
"Estación de Atocha, Madrid","Parla, Madrid",TRANSIT,23:00,2026-02-27,23.17,36.2,,
"Estación de Atocha, Madrid","Pinto, Madrid",TRANSIT,23:00,2026-02-27,22.25,67.9,,
"Estación de Chamartín, Madrid","Tres Cantos, Madrid",TRANSIT,23:00,2026-02-27,15.65,32.7,,
"Estación de Chamartín, Madrid","Colmenar Viejo, Madrid",TRANSIT,23:00,2026-02-27,26.69,45.7,,
"Estación de Chamartín, Madrid","Alcobendas, Madrid",TRANSIT,23:00,2026-02-27,9.76,36.4,,
"Moncloa, Madrid","Las Rozas de Madrid, Madrid",TRANSIT,23:00,2026-02-27,25.07,70.0,,
"Moncloa, Madrid","Majadahonda, Madrid",TRANSIT,23:00,2026-02-27,18.44,95.8,,
"Moncloa, Madrid","Pozuelo de Alarcón, Madrid",TRANSIT,23:00,2026-02-27,9.22,53.3,,
"Moncloa, Madrid","Boadilla del Monte, Madrid",TRANSIT,23:00,2026-02-27,30.3,90.2,,
"Moncloa, Madrid","Villanueva de la Cañada, Madrid",TRANSIT,23:00,2026-02-27,45.64,125.3,,
"Puerta del Sol, Madrid","Alcorcón, Madrid",TRANSIT,23:00,2026-02-27,20.35,54.5,,
"Puerta del Sol, Madrid","Leganés, Madrid",TRANSIT,23:00,2026-02-27,14.64,31.6,,
"Puerta del Sol, Madrid","Getafe, Madrid",TRANSIT,23:00,2026-02-27,14.76,31.7,,
"Puerta del Sol, Madrid","Torrejón de Ardoz, Madrid",TRANSIT,23:00,2026-02-27,22.04,55.1,,
"Puerta del Sol, Madrid","Coslada, Madrid",TRANSIT,23:00,2026-02-27,17.79,52.8,,
"Estación de Atocha, Madrid",Toledo,TRANSIT,23:00,2026-02-27,70.52,134.7,,
"Estación de Atocha, Madrid",Segovia,TRANSIT,23:00,2026-02-27,109.23,123.6,,
"Estación de Atocha, Madrid",Cuenca,TRANSIT,23:00,2026-02-27,211.95,115.2,,
"Estación de Chamartín, Madrid",Valladolid,TRANSIT,23:00,2026-02-27,179.22,72.5,,
"Estación de Chamartín, Madrid",Burgos,TRANSIT,23:00,2026-02-27,303.97,121.5,,
"Estación de Chamartín, Madrid",Salamanca,TRANSIT,23:00,2026-02-27,185.37,211.8,,
"Estación de Atocha, Madrid",Córdoba,TRANSIT,23:00,2026-02-27,344.2,118.1,,
"Estación de Atocha, Madrid",Ciudad Real,TRANSIT,23:00,2026-02-27,171.32,58.1,,
"Estación de Atocha, Madrid","Barcelona Sants, Barcelona",TRANSIT,23:00,2026-02-27,531.19,526.6,,
"Estación de Atocha, Madrid","Valencia, España",TRANSIT,23:00,2026-02-27,407.01,151.2,,
"Estación de Atocha, Madrid","Sevilla, España",TRANSIT,23:00,2026-02-27,470.82,173.1,,
"Estación de Atocha, Madrid","Zaragoza, España",TRANSIT,23:00,2026-02-27,274.74,282.9,,
"Estación de Atocha, Madrid","Málaga, España",TRANSIT,23:00,2026-02-27,463.04,459.9,,
"Estación de Chamartín, Madrid","Bilbao, España",TRANSIT,23:00,2026-02-27,326.39,279.8,,
"Estación de Chamartín, Madrid","San Sebastián, España",TRANSIT,23:00,2026-02-27,426.77,394.8,,
"Alcalá de Henares, Madrid","Torrejón de Ardoz, Madrid",TRANSIT,23:00,2026-02-27,11.07,27.4,,
"Móstoles, Madrid","Alcorcón, Madrid",TRANSIT,23:00,2026-02-27,8.41,27.3,,
